-- phpMyAdmin SQL Dump
-- version 5.0.2
-- https://www.phpmyadmin.net/
--
-- Host: localhost
-- Generation Time: Jun 20, 2020 at 03:11 AM
-- Server version: 10.4.11-MariaDB
-- PHP Version: 7.4.5

SET SQL_MODE = "NO_AUTO_VALUE_ON_ZERO";
START TRANSACTION;
SET time_zone = "+00:00";


/*!40101 SET @OLD_CHARACTER_SET_CLIENT=@@CHARACTER_SET_CLIENT */;
/*!40101 SET @OLD_CHARACTER_SET_RESULTS=@@CHARACTER_SET_RESULTS */;
/*!40101 SET @OLD_COLLATION_CONNECTION=@@COLLATION_CONNECTION */;
/*!40101 SET NAMES utf8mb4 */;

--
-- Database: `quanlyquancaphe`
--
DROP DATABASE IF EXISTS `quanlyquancaphe`;
CREATE DATABASE `quanlyquancaphe`;
USE `quanlyquancaphe`;

-- --------------------------------------------------------

--
-- Table structure for table `ban`
--

CREATE TABLE `ban` (
  `ID_BAN` int(11) NOT NULL,
  `TEN` varchar(100) COLLATE utf8_unicode_ci DEFAULT NULL,
  `TRANG_THAI` int(11) NOT NULL DEFAULT 0
) ENGINE=InnoDB DEFAULT CHARSET=utf8 COLLATE=utf8_unicode_ci;

--
-- Dumping data for table `ban`
--

INSERT INTO `ban` (`ID_BAN`, `TEN`, `TRANG_THAI`) VALUES
(1, 'Bàn 0', 0),
(2, 'Bàn 1', 0),
(3, 'Bàn 2', 0),
(4, 'Bàn 3', 0),
(5, 'Bàn 4', 0),
(6, 'Bàn 5', 0),
(7, 'Bàn 6', 0),
(8, 'Bàn 7', 0),
(9, 'Bàn 8', 0),
(10, 'Bàn 9', 0),
(11, 'Bàn 10', 0),
(12, 'Bàn 11', 0),
(13, 'Bàn 12', 0),
(14, 'Bàn 13', 0),
(15, 'Bàn 14', 0),
(16, 'Bàn 15', 0),
(17, 'Bàn 16', 0),
(18, 'Bàn 17', 0),
(19, 'Bàn 18', 0),
(20, 'Bàn 19', 0),
(21, 'Bàn 20', 0),
(22, 'Bàn 21', 0),
(23, 'Bàn 22', 0),
(24, 'Bàn 23', 0),
(25, 'Bàn 24', 0),
(26, 'Bàn 25', 0),
(27, 'Bàn 26', 0),
(28, 'Bàn 27', 0),
(29, 'Bàn 28', 0),
(30, 'Bàn 29', 0),
(31, 'Bàn 30', 0),
(32, 'Bàn 31', 0),
(33, 'Bàn 32', 0),
(34, 'Bàn 33', 0),
(35, 'Bàn 34', 0),
(36, 'Bàn 35', 0),
(37, 'Bàn 36', 0),
(38, 'Bàn 37', 0),
(39, 'Bàn 38', 0),
(40, 'Bàn 39', 0),
(41, 'Bàn 40', 0),
(42, 'Bàn 41', 0),
(43, 'Bàn 42', 0),
(44, 'Bàn 43', 0),
(45, 'Bàn 44', 0),
(46, 'Bàn 45', 0),
(47, 'Bàn 46', 0),
(48, 'Bàn 47', 0),
(49, 'Bàn 48', 0),
(50, 'Bàn 49', 0);

--
-- Triggers `ban`
--
DELIMITER $$
CREATE TRIGGER `DELETE_BAN_DELETE_HOA_DON_DAT_BAN` BEFORE DELETE ON `ban` FOR EACH ROW BEGIN
DELETE FROM hoa_don WHERE hoa_don.ID_BAN = OLD.ID_BAN;
DELETE FROM dat_ban WHERE dat_ban.ID_BAN = OLD.ID_BAN;
END
$$
DELIMITER ;

-- --------------------------------------------------------

--
-- Table structure for table `cthd`
--

CREATE TABLE `cthd` (
  `ID_HOA_DON` int(11) NOT NULL,
  `ID_SAN_PHAM` int(11) NOT NULL,
  `SO_LUONG` int(11) UNSIGNED NOT NULL,
  `DON_GIA` int(11) UNSIGNED NOT NULL,
  `DIEM_TICH_LUY` int(11) UNSIGNED NOT NULL
) ENGINE=InnoDB DEFAULT CHARSET=utf8 COLLATE=utf8_unicode_ci;

--
-- Dumping data for table `cthd`
--

INSERT INTO `cthd` (`ID_HOA_DON`, `ID_SAN_PHAM`, `SO_LUONG`, `DON_GIA`, `DIEM_TICH_LUY`) VALUES
(1, 60, 7, 23000, 13),
(1, 112, 6, 49000, 38),
(2, 33, 0, 62000, 30),
(2, 35, 8, 104000, 56),
(2, 69, 0, 68000, 24),
(3, 35, 2, 72000, 0),
(3, 57, 2, 19000, 29),
(3, 76, 9, 5000, 52),
(3, 78, 5, 88000, 1),
(3, 97, 0, 18000, 23),
(3, 112, 4, 7000, 23),
(4, 1, 1, 37000, 7),
(4, 7, 1, 4000, 2),
(4, 23, 1, 3000, 12),
(4, 93, 4, 97000, 27),
(4, 111, 3, 75000, 64),
(5, 15, 6, 81000, 133),
(5, 44, 7, 36000, 18),
(6, 24, 0, 32000, 104),
(6, 35, 5, 49000, 89),
(6, 39, 3, 2000, 70),
(6, 66, 4, 13000, 16),
(6, 90, 0, 176000, 30),
(6, 104, 3, 32000, 4),
(7, 16, 0, 51000, 38),
(7, 38, 3, 74000, 139),
(7, 56, 9, 63000, 68),
(7, 92, 5, 1000, 126),
(8, 4, 4, 111000, 0),
(8, 16, 5, 87000, 7),
(8, 25, 7, 96000, 43),
(9, 18, 3, 118000, 16),
(9, 41, 3, 60000, 90),
(9, 92, 8, 18000, 171),
(9, 107, 8, 1000, 48),
(10, 5, 8, 24000, 72),
(10, 56, 1, 119000, 23),
(10, 105, 6, 63000, 3),
(11, 1, 0, 16000, 7),
(11, 49, 5, 172000, 0),
(11, 83, 9, 0, 45),
(12, 8, 5, 51000, 94),
(12, 28, 5, 109000, 15),
(12, 59, 6, 3000, 12),
(12, 110, 3, 76000, 151),
(13, 26, 4, 67000, 14),
(13, 27, 9, 2000, 5),
(13, 37, 6, 55000, 91),
(13, 70, 1, 64000, 11),
(13, 80, 2, 1000, 37),
(14, 7, 3, 44000, 54),
(14, 16, 0, 95000, 19),
(14, 61, 7, 27000, 20),
(14, 62, 5, 28000, 77),
(14, 83, 2, 102000, 22),
(14, 110, 6, 2000, 150),
(15, 2, 7, 53000, 5),
(15, 30, 2, 46000, 79),
(15, 34, 4, 62000, 18),
(15, 88, 9, 30000, 71),
(15, 99, 1, 0, 9),
(16, 24, 7, 136000, 64),
(16, 74, 0, 9000, 62),
(16, 77, 3, 138000, 41),
(16, 81, 8, 105000, 158),
(16, 98, 0, 41000, 29),
(16, 102, 9, 155000, 11),
(17, 66, 6, 10000, 14),
(17, 101, 7, 61000, 172),
(18, 18, 7, 152000, 114),
(18, 67, 4, 145000, 38),
(19, 19, 3, 79000, 21),
(19, 52, 6, 9000, 93),
(19, 59, 1, 40000, 80),
(19, 68, 3, 109000, 39),
(19, 100, 2, 29000, 14),
(19, 107, 9, 12000, 20),
(20, 26, 2, 143000, 61),
(20, 31, 1, 128000, 22),
(20, 39, 1, 111000, 46),
(20, 74, 7, 44000, 73),
(20, 81, 8, 99000, 96),
(21, 15, 4, 12000, 124),
(21, 34, 4, 78000, 44),
(22, 7, 8, 76000, 47),
(22, 85, 9, 72000, 12),
(23, 93, 7, 93000, 4),
(23, 106, 6, 13000, 63),
(24, 16, 9, 81000, 39),
(24, 45, 6, 22000, 0),
(25, 10, 2, 156000, 2),
(25, 20, 4, 55000, 11),
(26, 42, 9, 23000, 25),
(26, 70, 5, 70000, 42),
(26, 75, 4, 30000, 28),
(26, 98, 2, 65000, 95),
(26, 107, 7, 106000, 21),
(27, 38, 0, 152000, 56),
(27, 77, 8, 57000, 43),
(28, 31, 1, 11000, 43),
(28, 34, 8, 18000, 24),
(28, 57, 4, 14000, 70),
(28, 81, 9, 55000, 33),
(28, 110, 6, 20000, 91),
(29, 48, 1, 7000, 8),
(29, 88, 6, 87000, 101),
(30, 17, 7, 74000, 49),
(30, 56, 2, 126000, 27),
(30, 80, 8, 116000, 26),
(30, 93, 2, 60000, 58),
(31, 10, 0, 76000, 4),
(31, 17, 4, 72000, 10),
(31, 18, 8, 77000, 47),
(31, 81, 5, 92000, 126),
(31, 83, 0, 133000, 15),
(31, 88, 8, 12000, 84),
(32, 3, 3, 83000, 12),
(32, 31, 4, 116000, 80),
(32, 39, 8, 95000, 165),
(32, 61, 7, 6000, 28),
(32, 100, 0, 75000, 37),
(33, 15, 0, 48000, 15),
(33, 65, 4, 5000, 78),
(33, 110, 4, 61000, 179),
(34, 19, 8, 16000, 34),
(34, 69, 9, 28000, 99),
(34, 91, 0, 4000, 90),
(35, 18, 0, 69000, 30),
(35, 82, 0, 19000, 60),
(36, 10, 9, 100000, 3),
(36, 19, 8, 36000, 135),
(36, 24, 8, 38000, 6),
(36, 28, 3, 61000, 113),
(36, 74, 6, 59000, 73),
(37, 34, 8, 49000, 24),
(37, 36, 8, 105000, 42),
(37, 56, 5, 58000, 27),
(37, 80, 2, 91000, 9),
(37, 92, 5, 63000, 49),
(37, 97, 4, 16000, 25),
(38, 48, 4, 184000, 12),
(38, 49, 9, 96000, 137),
(38, 54, 8, 46000, 52),
(38, 61, 7, 65000, 23),
(38, 69, 4, 26000, 20),
(38, 111, 4, 59000, 95),
(39, 18, 9, 7000, 144),
(39, 28, 0, 127000, 103),
(39, 42, 0, 23000, 100),
(39, 58, 7, 154000, 11),
(39, 85, 5, 85000, 38),
(39, 96, 4, 18000, 1),
(40, 25, 3, 109000, 15),
(40, 56, 4, 150000, 2),
(40, 71, 5, 149000, 8),
(40, 75, 4, 9000, 52),
(41, 17, 2, 6000, 62),
(41, 77, 8, 111000, 72),
(41, 88, 9, 59000, 121),
(41, 111, 8, 4000, 106),
(42, 13, 4, 114000, 13),
(42, 20, 3, 7000, 4),
(42, 22, 9, 137000, 12),
(42, 29, 7, 100000, 21),
(42, 97, 6, 4000, 9),
(43, 18, 3, 33000, 11),
(43, 45, 8, 22000, 0),
(43, 75, 7, 132000, 7),
(43, 89, 0, 71000, 14),
(43, 99, 1, 5000, 44),
(44, 42, 5, 62000, 20),
(44, 47, 3, 110000, 17),
(44, 68, 8, 103000, 94),
(44, 88, 7, 95000, 74),
(45, 35, 5, 96000, 95),
(45, 74, 9, 13000, 30),
(45, 92, 8, 50000, 97),
(46, 19, 9, 30000, 169),
(46, 50, 3, 101000, 14),
(46, 77, 8, 53000, 75),
(46, 91, 0, 112000, 75),
(46, 112, 9, 170000, 40),
(47, 59, 7, 115000, 107),
(47, 62, 0, 21000, 128),
(47, 84, 0, 58000, 62),
(47, 94, 8, 90000, 16),
(48, 1, 4, 20000, 1),
(48, 49, 5, 49000, 138),
(48, 92, 8, 81000, 79),
(49, 22, 3, 90000, 13),
(49, 52, 4, 25000, 37),
(49, 94, 2, 11000, 118),
(49, 97, 7, 14000, 24),
(50, 6, 5, 58000, 33),
(50, 62, 7, 127000, 136),
(50, 78, 2, 149000, 0),
(51, 30, 2, 7000, 59),
(51, 56, 4, 80000, 5),
(51, 57, 9, 51000, 5),
(51, 87, 5, 51000, 69),
(51, 101, 7, 7000, 52),
(51, 112, 1, 178000, 30),
(52, 9, 2, 41000, 40),
(52, 50, 1, 80000, 62),
(52, 81, 6, 55000, 21),
(52, 101, 4, 103000, 38),
(52, 102, 1, 121000, 21),
(52, 106, 4, 14000, 35),
(53, 16, 3, 73000, 11),
(53, 90, 5, 51000, 56),
(54, 54, 0, 52000, 91),
(54, 67, 1, 105000, 66),
(55, 14, 5, 46000, 5),
(55, 39, 4, 1000, 138),
(55, 57, 2, 48000, 70),
(55, 90, 5, 90000, 73),
(56, 23, 8, 17000, 5),
(56, 61, 5, 55000, 17),
(56, 77, 8, 54000, 30),
(56, 90, 7, 137000, 62),
(56, 102, 3, 91000, 3),
(57, 1, 7, 21000, 0),
(57, 59, 9, 19000, 100),
(58, 15, 5, 7000, 121),
(58, 56, 6, 68000, 33),
(58, 66, 5, 14000, 55),
(58, 91, 5, 130000, 141),
(59, 7, 3, 4000, 62),
(59, 16, 4, 34000, 38),
(59, 25, 6, 4000, 148),
(59, 96, 8, 39000, 39),
(59, 101, 8, 81000, 32),
(59, 110, 3, 16000, 190),
(60, 3, 8, 35000, 17),
(60, 64, 6, 69000, 10),
(60, 87, 8, 86000, 31),
(60, 95, 9, 14000, 10),
(60, 96, 1, 102000, 9),
(60, 102, 8, 175000, 20),
(61, 28, 3, 59000, 83),
(61, 59, 9, 87000, 95),
(61, 61, 4, 68000, 13),
(61, 101, 8, 41000, 136),
(62, 5, 6, 134000, 14),
(62, 105, 3, 17000, 15),
(62, 106, 4, 30000, 31),
(62, 112, 6, 108000, 63),
(63, 2, 9, 69000, 15),
(63, 51, 6, 49000, 54),
(63, 54, 5, 30000, 92),
(63, 94, 4, 56000, 62),
(63, 107, 3, 95000, 21),
(64, 71, 4, 19000, 23),
(64, 80, 8, 110000, 96),
(64, 85, 0, 134000, 4),
(64, 109, 4, 111000, 17),
(65, 25, 4, 138000, 9),
(65, 34, 3, 101000, 9),
(65, 38, 2, 12000, 75),
(65, 54, 9, 76000, 137),
(65, 65, 3, 78000, 90),
(65, 66, 8, 16000, 6),
(66, 34, 4, 99000, 56),
(66, 47, 9, 22000, 5),
(66, 54, 1, 82000, 69),
(66, 64, 7, 22000, 9),
(66, 106, 8, 3000, 21),
(67, 7, 6, 15000, 16),
(67, 31, 4, 140000, 107),
(67, 45, 5, 10000, 0),
(67, 52, 9, 2000, 136),
(67, 96, 7, 32000, 36),
(68, 19, 7, 9000, 108),
(68, 38, 6, 38000, 32),
(68, 59, 2, 99000, 83),
(68, 83, 8, 165000, 43),
(68, 95, 1, 92000, 3),
(68, 97, 1, 5000, 3),
(69, 28, 0, 20000, 69),
(69, 42, 3, 148000, 75),
(69, 86, 4, 9000, 1),
(70, 47, 8, 33000, 35),
(70, 56, 4, 99000, 51),
(70, 96, 9, 3000, 1),
(70, 100, 0, 61000, 13),
(70, 106, 8, 16000, 33),
(71, 22, 9, 47000, 12),
(71, 30, 4, 25000, 9),
(72, 5, 4, 55000, 53),
(72, 18, 9, 128000, 32),
(72, 88, 2, 163000, 107),
(73, 17, 3, 102000, 30),
(73, 20, 4, 53000, 51),
(73, 48, 2, 132000, 9),
(73, 49, 7, 94000, 118),
(73, 51, 0, 41000, 35),
(74, 3, 2, 22000, 14),
(74, 15, 8, 54000, 75),
(74, 73, 3, 27000, 26),
(74, 76, 5, 13000, 6),
(75, 13, 2, 129000, 37),
(75, 28, 7, 12000, 14),
(75, 65, 0, 34000, 4),
(75, 94, 5, 10000, 74),
(76, 88, 7, 136000, 58),
(76, 102, 1, 36000, 1),
(77, 24, 6, 70000, 11),
(77, 40, 1, 98000, 144),
(77, 52, 6, 0, 10),
(77, 67, 1, 111000, 39),
(77, 86, 4, 25000, 3),
(78, 41, 6, 3000, 0),
(78, 64, 9, 20000, 8),
(78, 95, 1, 126000, 23),
(78, 99, 9, 8000, 50),
(78, 111, 4, 74000, 54),
(79, 2, 5, 72000, 36),
(79, 11, 1, 44000, 25),
(79, 21, 0, 66000, 81),
(79, 84, 8, 110000, 105),
(79, 86, 0, 16000, 0),
(80, 19, 0, 37000, 62),
(80, 65, 4, 37000, 89),
(81, 64, 3, 16000, 20),
(81, 88, 0, 74000, 128),
(82, 20, 4, 43000, 0),
(82, 91, 7, 62000, 115),
(82, 105, 4, 123000, 35),
(83, 5, 7, 69000, 60),
(83, 29, 6, 134000, 52),
(83, 40, 2, 59000, 39),
(83, 61, 5, 9000, 13),
(83, 89, 3, 57000, 13),
(83, 94, 2, 8000, 110),
(84, 15, 3, 69000, 103),
(84, 63, 3, 48000, 26),
(85, 5, 4, 115000, 39),
(85, 18, 6, 65000, 124),
(85, 68, 5, 41000, 21),
(85, 72, 9, 16000, 106),
(85, 87, 0, 94000, 20),
(85, 100, 9, 20000, 25),
(86, 17, 7, 108000, 17),
(86, 99, 0, 18000, 99),
(87, 9, 8, 61000, 52),
(87, 56, 4, 90000, 38),
(88, 44, 4, 112000, 9),
(88, 102, 3, 20000, 7),
(89, 15, 9, 54000, 94),
(89, 56, 6, 54000, 53),
(89, 69, 0, 44000, 11),
(89, 99, 2, 18000, 17),
(90, 11, 7, 89000, 49),
(90, 36, 1, 32000, 35),
(90, 101, 2, 8000, 89),
(91, 17, 0, 35000, 78),
(91, 36, 7, 81000, 40),
(91, 63, 6, 17000, 32),
(91, 76, 8, 24000, 27),
(91, 85, 7, 178000, 39),
(92, 93, 3, 98000, 65),
(92, 100, 1, 126000, 27),
(93, 19, 6, 141000, 50),
(93, 25, 1, 50000, 92),
(93, 71, 9, 150000, 6),
(93, 104, 2, 26000, 28),
(93, 106, 6, 8000, 40),
(94, 34, 5, 60000, 18),
(94, 40, 9, 65000, 37),
(94, 50, 3, 21000, 43),
(95, 39, 9, 103000, 60),
(95, 48, 1, 94000, 4),
(95, 91, 9, 162000, 99),
(95, 93, 4, 32000, 81),
(96, 29, 7, 155000, 6),
(96, 60, 9, 34000, 13),
(97, 13, 0, 148000, 158),
(97, 25, 9, 180000, 27),
(97, 45, 6, 23000, 0),
(97, 47, 0, 88000, 2),
(97, 99, 9, 19000, 32),
(97, 106, 3, 5000, 25),
(98, 11, 1, 113000, 18),
(98, 34, 0, 11000, 61),
(98, 50, 0, 93000, 66),
(98, 53, 8, 115000, 78),
(98, 103, 7, 141000, 124),
(99, 31, 0, 133000, 73),
(99, 76, 5, 24000, 145),
(99, 86, 4, 108000, 2),
(100, 20, 1, 65000, 54),
(100, 98, 9, 47000, 33),
(101, 83, 2, 137000, 44),
(101, 92, 6, 3000, 51),
(102, 37, 3, 29000, 55),
(102, 38, 8, 52000, 56),
(102, 81, 7, 62000, 95),
(102, 84, 6, 109000, 23),
(102, 90, 9, 53000, 74),
(103, 80, 5, 140000, 56),
(103, 105, 4, 76000, 63),
(104, 3, 3, 38000, 18),
(104, 67, 1, 68000, 78),
(104, 82, 1, 59000, 37),
(104, 85, 4, 96000, 8),
(105, 13, 6, 181000, 42),
(105, 47, 5, 18000, 9),
(105, 53, 0, 115000, 44),
(105, 57, 2, 36000, 50),
(105, 59, 4, 9000, 75),
(105, 75, 4, 173000, 11),
(106, 21, 9, 54000, 58),
(106, 33, 3, 91000, 24),
(106, 38, 2, 67000, 48),
(106, 57, 1, 48000, 5),
(106, 59, 1, 7000, 87),
(106, 89, 3, 149000, 1),
(107, 14, 6, 61000, 49),
(107, 17, 0, 35000, 16),
(107, 65, 9, 100000, 64),
(108, 9, 0, 31000, 11),
(108, 74, 1, 73000, 18),
(108, 81, 2, 61000, 104),
(108, 108, 7, 46000, 121),
(108, 112, 1, 45000, 33),
(109, 49, 2, 62000, 122),
(109, 50, 5, 30000, 131),
(109, 59, 3, 107000, 20),
(109, 73, 5, 10000, 43),
(109, 103, 2, 20000, 72),
(110, 16, 7, 76000, 11),
(110, 22, 5, 26000, 11),
(110, 26, 9, 27000, 71),
(110, 51, 3, 30000, 17),
(110, 62, 5, 155000, 126),
(110, 107, 3, 85000, 34),
(111, 28, 3, 155000, 14),
(111, 37, 0, 68000, 115),
(111, 83, 6, 33000, 51),
(111, 85, 4, 50000, 48),
(111, 94, 0, 55000, 94),
(112, 44, 1, 42000, 1),
(112, 98, 5, 69000, 86),
(112, 102, 8, 86000, 8),
(113, 6, 7, 50000, 37),
(113, 77, 9, 131000, 4),
(113, 89, 9, 71000, 6),
(113, 98, 5, 71000, 81),
(114, 10, 8, 145000, 2),
(114, 77, 5, 98000, 68),
(114, 94, 4, 14000, 109),
(115, 3, 6, 53000, 11),
(115, 84, 0, 95000, 52),
(116, 5, 1, 53000, 13),
(116, 45, 6, 19000, 0),
(117, 45, 8, 21000, 0),
(117, 79, 7, 29000, 73),
(118, 9, 3, 61000, 31),
(118, 43, 1, 94000, 73),
(118, 75, 7, 65000, 61),
(119, 6, 1, 27000, 54),
(119, 10, 1, 23000, 5),
(119, 56, 0, 147000, 2),
(119, 84, 4, 35000, 68),
(119, 88, 6, 2000, 95),
(119, 110, 8, 14000, 59),
(120, 13, 1, 137000, 104),
(120, 40, 7, 92000, 70),
(120, 51, 5, 48000, 36),
(120, 67, 6, 91000, 67),
(120, 109, 3, 104000, 12),
(121, 38, 0, 98000, 36),
(121, 81, 9, 91000, 113),
(121, 87, 0, 134000, 43),
(121, 104, 1, 24000, 23),
(122, 17, 1, 72000, 38),
(122, 38, 7, 157000, 36),
(122, 41, 0, 25000, 58),
(122, 76, 9, 2000, 161),
(123, 17, 4, 34000, 45),
(123, 27, 5, 6000, 7),
(123, 73, 9, 72000, 51),
(124, 59, 4, 132000, 9),
(124, 81, 2, 89000, 119),
(124, 95, 2, 2000, 14),
(124, 97, 4, 0, 37),
(124, 100, 5, 182000, 29),
(124, 102, 8, 12000, 7),
(125, 67, 6, 114000, 58),
(125, 70, 7, 25000, 18),
(125, 110, 5, 50000, 161),
(126, 17, 2, 58000, 7),
(126, 76, 3, 22000, 127),
(127, 15, 9, 30000, 26),
(127, 35, 8, 21000, 96),
(127, 49, 5, 174000, 28),
(127, 52, 7, 26000, 106),
(127, 79, 8, 38000, 52),
(127, 112, 4, 21000, 35),
(128, 57, 4, 9000, 6),
(128, 73, 5, 4000, 54),
(128, 75, 8, 167000, 53),
(128, 76, 2, 1000, 74),
(128, 81, 2, 80000, 7),
(129, 4, 0, 86000, 0),
(129, 21, 7, 26000, 52),
(130, 24, 4, 134000, 14),
(130, 52, 1, 27000, 10),
(130, 79, 0, 6000, 40),
(130, 93, 7, 61000, 11),
(130, 94, 0, 3000, 74),
(131, 26, 9, 42000, 47),
(131, 66, 4, 20000, 59),
(131, 83, 3, 89000, 54),
(132, 9, 3, 51000, 1),
(132, 15, 7, 45000, 79),
(132, 18, 1, 37000, 116),
(132, 54, 9, 34000, 99),
(132, 58, 9, 3000, 12),
(133, 13, 0, 61000, 124),
(133, 28, 5, 146000, 43),
(133, 54, 6, 32000, 128),
(133, 59, 0, 96000, 37),
(133, 81, 5, 12000, 152),
(133, 87, 5, 22000, 35),
(134, 3, 2, 40000, 14),
(134, 6, 9, 53000, 6),
(134, 14, 8, 88000, 43),
(134, 57, 3, 36000, 13),
(135, 2, 0, 48000, 35),
(135, 29, 5, 160000, 11),
(135, 71, 3, 166000, 23),
(135, 77, 6, 64000, 63),
(135, 84, 8, 98000, 112),
(136, 19, 3, 108000, 24),
(136, 71, 5, 9000, 24),
(137, 1, 0, 69000, 7),
(137, 19, 1, 56000, 53),
(137, 61, 1, 45000, 6),
(137, 83, 2, 2000, 30),
(137, 102, 1, 24000, 10),
(138, 8, 7, 132000, 28),
(138, 55, 5, 56000, 79),
(138, 69, 0, 57000, 13),
(138, 72, 3, 16000, 85),
(138, 73, 6, 43000, 70),
(139, 14, 9, 123000, 37),
(139, 16, 5, 38000, 30),
(139, 62, 8, 129000, 74),
(139, 93, 5, 27000, 32),
(139, 97, 3, 16000, 31),
(140, 28, 7, 36000, 105),
(140, 31, 3, 129000, 92),
(140, 36, 4, 91000, 34),
(140, 56, 8, 0, 45),
(140, 88, 9, 111000, 91),
(141, 93, 2, 57000, 59),
(141, 102, 2, 182000, 16),
(141, 103, 2, 63000, 132),
(142, 5, 4, 22000, 25),
(142, 8, 8, 154000, 37),
(142, 41, 5, 1000, 31),
(142, 55, 2, 58000, 14),
(142, 100, 3, 113000, 9),
(143, 103, 0, 151000, 65),
(143, 109, 7, 113000, 19),
(144, 8, 7, 142000, 24),
(144, 49, 5, 147000, 31),
(145, 32, 7, 40000, 31),
(145, 79, 5, 58000, 12),
(145, 97, 3, 4000, 1),
(146, 1, 8, 30000, 0),
(146, 52, 3, 23000, 132),
(146, 81, 9, 92000, 154),
(146, 109, 0, 22000, 17),
(147, 11, 9, 58000, 46),
(147, 109, 6, 37000, 17),
(148, 4, 6, 53000, 0),
(148, 42, 7, 182000, 99),
(148, 82, 7, 77000, 51),
(148, 112, 8, 59000, 9),
(149, 7, 0, 52000, 39),
(149, 51, 9, 8000, 0),
(149, 69, 3, 42000, 32),
(149, 94, 3, 73000, 9),
(149, 105, 8, 91000, 51),
(149, 107, 7, 117000, 83),
(150, 16, 8, 41000, 7),
(150, 49, 9, 161000, 18),
(150, 64, 0, 73000, 38),
(150, 103, 2, 150000, 77),
(150, 111, 1, 60000, 79),
(151, 9, 6, 42000, 23),
(151, 10, 6, 127000, 3),
(151, 14, 6, 44000, 24),
(151, 72, 8, 8000, 167),
(151, 73, 2, 49000, 16),
(152, 21, 8, 139000, 170),
(152, 35, 9, 81000, 109),
(152, 52, 4, 21000, 150),
(152, 89, 4, 12000, 8),
(152, 91, 2, 56000, 123),
(152, 98, 3, 63000, 49),
(153, 18, 3, 16000, 85),
(153, 80, 6, 63000, 60),
(153, 105, 1, 7000, 69),
(154, 32, 8, 84000, 29),
(154, 38, 5, 56000, 14),
(154, 43, 3, 114000, 109),
(154, 86, 4, 100000, 2),
(155, 20, 5, 40000, 13),
(155, 82, 1, 41000, 61),
(155, 96, 5, 115000, 6),
(155, 99, 2, 20000, 60),
(156, 35, 4, 47000, 65),
(156, 38, 0, 126000, 16),
(156, 70, 4, 19000, 33),
(156, 91, 4, 152000, 100),
(157, 8, 7, 128000, 101),
(157, 14, 8, 156000, 57),
(157, 38, 0, 1000, 6),
(157, 49, 6, 158000, 138),
(157, 72, 0, 30000, 48),
(158, 5, 7, 112000, 17),
(158, 15, 0, 43000, 73),
(158, 48, 7, 112000, 6),
(158, 52, 3, 23000, 76),
(158, 72, 2, 23000, 145),
(159, 84, 8, 43000, 10),
(159, 91, 2, 126000, 78),
(160, 71, 7, 55000, 11),
(160, 92, 6, 103000, 138),
(161, 91, 6, 54000, 7),
(161, 111, 9, 71000, 66),
(162, 7, 1, 69000, 9),
(162, 40, 0, 83000, 84),
(162, 66, 6, 31000, 7),
(162, 70, 5, 86000, 7),
(163, 28, 2, 36000, 50),
(163, 96, 3, 124000, 49),
(164, 18, 4, 28000, 61),
(164, 103, 8, 135000, 25),
(165, 61, 9, 67000, 14),
(165, 95, 7, 56000, 12),
(166, 7, 4, 17000, 47),
(166, 15, 9, 92000, 24),
(166, 28, 2, 166000, 53),
(166, 99, 3, 6000, 82),
(167, 74, 2, 21000, 31),
(167, 82, 9, 64000, 60),
(167, 85, 9, 160000, 31),
(167, 94, 4, 93000, 54),
(167, 96, 3, 46000, 50),
(167, 108, 5, 97000, 161),
(168, 11, 2, 25000, 1),
(168, 14, 4, 108000, 30),
(168, 36, 6, 5000, 23),
(168, 54, 8, 14000, 109),
(168, 66, 0, 24000, 64),
(169, 3, 6, 82000, 3),
(169, 32, 6, 36000, 87),
(169, 35, 1, 49000, 60),
(169, 54, 8, 45000, 82),
(169, 69, 1, 14000, 41),
(170, 14, 4, 105000, 35),
(170, 16, 2, 8000, 20),
(170, 27, 3, 6000, 19),
(170, 62, 5, 73000, 142),
(170, 105, 3, 56000, 27),
(171, 1, 0, 60000, 1),
(171, 11, 8, 57000, 33),
(171, 34, 6, 51000, 6),
(171, 57, 1, 10000, 28),
(171, 63, 6, 63000, 4),
(171, 109, 6, 37000, 21),
(172, 46, 0, 33000, 1),
(172, 50, 0, 18000, 88),
(172, 52, 6, 7000, 20),
(172, 58, 5, 52000, 1),
(172, 69, 3, 27000, 77),
(172, 104, 4, 6000, 64),
(173, 15, 4, 58000, 132),
(173, 27, 5, 11000, 7),
(173, 64, 0, 1000, 32),
(173, 77, 3, 79000, 21),
(173, 102, 1, 15000, 0),
(173, 105, 1, 96000, 11),
(174, 9, 7, 72000, 57),
(174, 58, 7, 156000, 10),
(174, 66, 4, 27000, 44),
(174, 79, 4, 44000, 38),
(174, 109, 1, 87000, 11),
(175, 52, 8, 11000, 104),
(175, 59, 9, 134000, 33),
(175, 112, 0, 80000, 54),
(176, 28, 1, 9000, 39),
(176, 104, 7, 21000, 16),
(177, 13, 5, 10000, 10),
(177, 23, 5, 6000, 4),
(177, 52, 3, 1000, 66),
(177, 85, 5, 117000, 20),
(177, 94, 3, 67000, 17),
(178, 12, 2, 18000, 150),
(178, 29, 0, 19000, 10),
(178, 49, 6, 166000, 126),
(178, 58, 6, 135000, 18),
(178, 92, 2, 55000, 164),
(179, 75, 8, 152000, 30),
(179, 86, 4, 101000, 2),
(179, 91, 5, 57000, 100),
(179, 98, 4, 71000, 30),
(180, 62, 5, 50000, 124),
(180, 70, 8, 96000, 26),
(181, 23, 8, 33000, 15),
(181, 25, 6, 176000, 65),
(181, 42, 6, 170000, 8),
(181, 82, 3, 9000, 53),
(182, 6, 0, 61000, 14),
(182, 42, 2, 2000, 22),
(182, 52, 4, 9000, 1),
(182, 64, 4, 7000, 39),
(182, 91, 9, 140000, 121),
(183, 40, 7, 137000, 56),
(183, 54, 2, 79000, 46),
(183, 75, 4, 104000, 44),
(183, 82, 2, 20000, 9),
(184, 25, 0, 51000, 101),
(184, 28, 4, 82000, 47),
(184, 35, 2, 63000, 9),
(184, 43, 8, 68000, 98),
(184, 107, 6, 63000, 38),
(185, 20, 6, 61000, 51),
(185, 85, 0, 37000, 1),
(186, 17, 5, 79000, 60),
(186, 40, 6, 82000, 54),
(187, 20, 9, 62000, 0),
(187, 38, 2, 17000, 154),
(187, 41, 5, 67000, 17),
(187, 54, 0, 69000, 100),
(188, 13, 4, 56000, 137),
(188, 27, 0, 3000, 7),
(188, 61, 5, 68000, 37),
(188, 81, 2, 26000, 149),
(189, 7, 0, 96000, 20),
(189, 67, 6, 91000, 47),
(189, 76, 9, 13000, 33),
(190, 57, 5, 40000, 66),
(190, 81, 9, 84000, 157),
(191, 57, 1, 17000, 25),
(191, 109, 5, 125000, 17),
(192, 8, 9, 148000, 131),
(192, 45, 7, 20000, 0),
(193, 21, 2, 101000, 100),
(193, 30, 2, 31000, 71),
(193, 52, 8, 27000, 74),
(193, 61, 2, 39000, 4),
(193, 84, 8, 114000, 91),
(193, 107, 3, 70000, 38),
(194, 32, 5, 47000, 36),
(194, 82, 2, 84000, 70),
(195, 37, 2, 58000, 158),
(195, 38, 0, 45000, 138),
(195, 68, 5, 53000, 126),
(195, 76, 8, 26000, 114),
(195, 106, 1, 20000, 28),
(196, 41, 8, 44000, 20),
(196, 91, 3, 104000, 122),
(196, 101, 0, 36000, 173),
(197, 27, 1, 12000, 12),
(197, 52, 0, 6000, 44),
(198, 4, 3, 116000, 0),
(198, 20, 0, 65000, 22),
(198, 45, 2, 1000, 0),
(198, 67, 7, 108000, 76),
(198, 89, 3, 61000, 10),
(199, 21, 8, 45000, 51),
(199, 31, 0, 109000, 73),
(199, 37, 4, 6000, 126),
(199, 74, 4, 61000, 72),
(199, 82, 0, 84000, 32),
(200, 34, 7, 32000, 62),
(200, 55, 2, 65000, 85),
(200, 87, 2, 61000, 4);

-- --------------------------------------------------------

--
-- Table structure for table `ctkm`
--

CREATE TABLE `ctkm` (
  `ID_KHUYEN_MAI` int(11) NOT NULL,
  `ID_SAN_PHAM` int(11) NOT NULL,
  `SO_LUONG` int(11) UNSIGNED NOT NULL,
  `DON_GIA` int(11) UNSIGNED DEFAULT NULL,
  `DIEM_TICH_LUY` int(11) UNSIGNED DEFAULT NULL
) ENGINE=InnoDB DEFAULT CHARSET=utf8mb4;

--
-- Dumping data for table `ctkm`
--

INSERT INTO `ctkm` (`ID_KHUYEN_MAI`, `ID_SAN_PHAM`, `SO_LUONG`, `DON_GIA`, `DIEM_TICH_LUY`) VALUES
(1, 46, 5, 64000, 2),
(1, 54, 4, 0, 112),
(1, 61, 4, 6000, 34),
(1, 62, 9, 80000, 128),
(1, 63, 8, 15000, 25),
(1, 70, 3, 25000, 37),
(1, 79, 9, 9000, 72),
(1, 111, 0, 4000, 84),
(2, 4, 1, 60000, 0),
(2, 16, 0, 1000, 34),
(2, 44, 2, 23000, 14),
(3, 12, 3, 1000, 186),
(3, 13, 4, 43000, 142),
(3, 26, 0, 47000, 38),
(3, 40, 3, 57000, 107),
(3, 45, 7, 5000, 0),
(3, 52, 7, 13000, 94),
(3, 58, 0, 47000, 12),
(3, 62, 0, 4000, 118),
(3, 63, 5, 8000, 24),
(3, 64, 2, 0, 24),
(3, 65, 9, 51000, 72),
(3, 69, 8, 29000, 89),
(3, 70, 8, 37000, 53),
(3, 73, 5, 30000, 66),
(3, 94, 6, 36000, 85),
(3, 112, 2, 42000, 51),
(4, 19, 6, 8000, 133),
(4, 37, 2, 11000, 151),
(4, 64, 2, 37000, 33),
(4, 73, 9, 30000, 83),
(4, 94, 7, 16000, 119),
(4, 97, 5, 7000, 30),
(4, 98, 1, 32000, 67),
(4, 99, 2, 1000, 122),
(5, 9, 3, 11000, 32),
(5, 12, 8, 28000, 158),
(5, 18, 2, 23000, 89),
(5, 22, 5, 75000, 19),
(5, 25, 6, 72000, 145),
(5, 28, 3, 73000, 69),
(5, 29, 9, 74000, 32),
(5, 30, 6, 34000, 97),
(5, 34, 5, 10000, 72),
(5, 41, 6, 5000, 62),
(5, 44, 9, 16000, 16),
(5, 46, 2, 74000, 2),
(5, 56, 0, 69000, 71),
(5, 63, 3, 45000, 21),
(5, 64, 3, 25000, 35),
(5, 69, 5, 45000, 83),
(5, 72, 4, 17000, 145),
(5, 91, 9, 51000, 136),
(5, 105, 2, 6000, 64),
(6, 5, 1, 71000, 62),
(6, 9, 6, 35000, 44),
(6, 11, 1, 35000, 35),
(6, 35, 4, 58000, 93),
(6, 51, 2, 11000, 46),
(6, 65, 4, 6000, 52),
(6, 69, 0, 17000, 62),
(6, 72, 0, 15000, 131),
(6, 80, 3, 82000, 164),
(6, 97, 0, 3000, 38),
(6, 105, 4, 35000, 48),
(6, 108, 1, 30000, 169),
(7, 2, 5, 14000, 38),
(7, 5, 1, 60000, 61),
(7, 27, 4, 5000, 12),
(7, 33, 3, 1000, 59),
(7, 46, 9, 25000, 3),
(7, 48, 8, 22000, 12),
(7, 49, 2, 67000, 92),
(7, 51, 6, 6000, 57),
(7, 53, 3, 37000, 76),
(7, 59, 5, 41000, 97),
(7, 63, 9, 52000, 23),
(7, 75, 8, 39000, 52),
(7, 79, 0, 0, 63),
(7, 88, 0, 53000, 106),
(7, 95, 5, 34000, 25),
(7, 96, 8, 29000, 32),
(7, 99, 9, 8000, 113),
(7, 104, 9, 7000, 77),
(7, 106, 2, 4000, 50),
(7, 107, 0, 13000, 66),
(8, 3, 2, 1000, 11),
(8, 7, 8, 23000, 39),
(8, 9, 9, 24000, 49),
(8, 25, 7, 37000, 106),
(8, 44, 7, 52000, 14),
(8, 46, 3, 64000, 3),
(8, 55, 4, 40000, 83),
(8, 58, 9, 39000, 21),
(8, 62, 7, 37000, 143),
(8, 80, 9, 61000, 152),
(8, 83, 7, 69000, 31),
(8, 87, 2, 7000, 61),
(8, 92, 7, 43000, 133),
(8, 93, 6, 40000, 117),
(8, 110, 0, 14000, 150),
(9, 7, 1, 23000, 50),
(9, 8, 4, 26000, 108),
(9, 10, 0, 31000, 5),
(9, 14, 2, 67000, 55),
(9, 34, 0, 36000, 106),
(9, 36, 7, 90000, 41),
(9, 49, 1, 10000, 97),
(9, 50, 8, 53000, 134),
(9, 59, 9, 41000, 62),
(9, 72, 1, 13000, 124),
(9, 74, 9, 8000, 66),
(9, 78, 7, 28000, 1),
(9, 81, 2, 14000, 97),
(9, 87, 8, 50000, 68),
(9, 89, 9, 1000, 14),
(9, 90, 9, 65000, 108),
(9, 112, 0, 18000, 66),
(10, 21, 7, 9000, 158),
(10, 35, 7, 55000, 121),
(10, 40, 2, 37000, 167),
(10, 70, 7, 3000, 49),
(10, 73, 1, 5000, 44),
(10, 78, 0, 11000, 1),
(10, 100, 2, 77000, 27),
(10, 104, 6, 2000, 66),
(11, 34, 0, 9000, 63),
(11, 42, 0, 76000, 95),
(11, 48, 9, 72000, 10),
(11, 63, 0, 31000, 26),
(11, 71, 1, 99000, 22),
(11, 72, 8, 4000, 168),
(11, 85, 9, 50000, 51),
(11, 94, 6, 42000, 119),
(11, 97, 3, 6000, 29),
(11, 98, 6, 0, 102),
(12, 4, 9, 31000, 0),
(12, 6, 3, 1000, 57),
(12, 15, 1, 37000, 128),
(12, 27, 8, 3000, 12),
(12, 36, 2, 9000, 33),
(12, 91, 3, 19000, 171),
(12, 103, 8, 59000, 168),
(13, 86, 8, 60000, 6),
(13, 98, 3, 3000, 68),
(14, 5, 5, 16000, 40),
(14, 6, 4, 29000, 59),
(14, 7, 3, 18000, 50),
(14, 8, 2, 18000, 120),
(14, 12, 0, 27000, 177),
(14, 34, 9, 13000, 76),
(14, 60, 8, 37000, 10),
(14, 64, 5, 13000, 34),
(14, 69, 5, 22000, 98),
(14, 71, 9, 95000, 19),
(14, 74, 9, 39000, 47),
(14, 75, 8, 34000, 31),
(14, 76, 2, 13000, 94),
(14, 88, 2, 40000, 83),
(14, 95, 8, 69000, 26),
(14, 98, 0, 26000, 102),
(15, 32, 3, 2000, 97),
(15, 70, 4, 7000, 58),
(16, 88, 1, 45000, 120),
(16, 93, 6, 14000, 97),
(17, 4, 0, 57000, 0),
(17, 10, 6, 61000, 3),
(17, 15, 2, 6000, 116),
(17, 37, 7, 18000, 137),
(17, 39, 0, 44000, 142),
(17, 50, 1, 15000, 104),
(17, 56, 1, 21000, 75),
(17, 72, 7, 2000, 149),
(17, 86, 7, 34000, 7),
(17, 89, 4, 39000, 14),
(17, 96, 7, 40000, 27),
(17, 103, 5, 49000, 158),
(17, 110, 5, 44000, 149),
(18, 19, 9, 21000, 108),
(18, 38, 4, 47000, 98),
(18, 44, 5, 39000, 17),
(18, 50, 5, 8000, 149),
(18, 51, 4, 9000, 38),
(18, 52, 7, 9000, 149),
(18, 75, 3, 17000, 48),
(18, 78, 6, 73000, 1),
(18, 86, 7, 50000, 6),
(18, 98, 0, 7000, 65),
(19, 36, 8, 14000, 43),
(19, 48, 7, 12000, 9),
(19, 52, 5, 13000, 89),
(19, 83, 1, 43000, 43),
(19, 88, 1, 7000, 85),
(19, 92, 9, 5000, 140),
(19, 101, 0, 59000, 141),
(19, 109, 0, 7000, 23),
(19, 111, 2, 19000, 66),
(20, 1, 1, 23000, 7),
(20, 7, 6, 24000, 54),
(20, 14, 6, 9000, 37),
(20, 15, 7, 28000, 124),
(20, 17, 4, 1000, 47),
(20, 18, 3, 47000, 95),
(20, 19, 9, 80000, 108),
(20, 27, 9, 7000, 14),
(20, 39, 0, 30000, 106),
(20, 42, 8, 35000, 117),
(20, 46, 5, 31000, 2),
(20, 60, 5, 83000, 9),
(20, 63, 3, 6000, 25),
(20, 74, 4, 53000, 52),
(20, 87, 8, 23000, 38),
(20, 90, 2, 92000, 57),
(20, 101, 7, 37000, 127),
(20, 104, 6, 11000, 69);

-- --------------------------------------------------------

--
-- Table structure for table `dat_ban`
--

CREATE TABLE `dat_ban` (
  `USERNAME` varchar(100) COLLATE utf8_unicode_ci NOT NULL,
  `ID_BAN` int(11) NOT NULL,
  `THOI_GIAN_LAP` datetime NOT NULL DEFAULT current_timestamp(),
  `THOI_GIAN_NHAN` datetime DEFAULT current_timestamp(),
  `GHI_CHU` text COLLATE utf8_unicode_ci DEFAULT NULL
) ENGINE=InnoDB DEFAULT CHARSET=utf8 COLLATE=utf8_unicode_ci;

--
-- Dumping data for table `dat_ban`
--

INSERT INTO `dat_ban` (`USERNAME`, `ID_BAN`, `THOI_GIAN_LAP`, `THOI_GIAN_NHAN`, `GHI_CHU`) VALUES
('anntd', 46, '2020-01-26 20:42:22', '2020-03-09 17:31:08', ''),
('bienbt', 24, '2020-01-16 08:14:46', '2020-02-14 05:41:18', ''),
('bocthb', 50, '2020-01-18 20:25:30', '2020-03-02 03:35:04', ''),
('bodhd', 14, '2020-02-17 05:57:25', '2020-04-08 02:28:18', ''),
('catkd', 50, '2020-02-22 11:30:58', '2020-03-09 13:15:33', ''),
('chihhh', 34, '2020-02-17 07:42:20', '2020-03-17 09:23:14', ''),
('chubt', 28, '2020-01-14 20:52:08', '2020-01-20 06:44:45', ''),
('chungvh', 41, '2020-01-20 18:18:25', '2020-03-03 10:10:53', ''),
('convcd', 47, '2020-02-02 07:02:46', '2020-03-09 19:00:29', ''),
('dent', 1, '2020-01-03 14:47:25', '2020-02-24 13:46:19', ''),
('dent', 19, '2020-02-04 09:36:38', '2020-04-01 06:27:27', ''),
('diepldq', 21, '2020-02-07 01:10:07', '2020-03-05 01:45:40', ''),
('diepnhc', 29, '2020-01-09 02:55:18', '2020-01-22 08:42:00', ''),
('dieutad', 17, '2020-02-26 17:07:30', '2020-03-17 15:15:24', ''),
('dieutad', 47, '2020-01-21 06:36:52', '2020-02-11 10:46:42', ''),
('dinhtb', 11, '2020-02-06 07:17:48', '2020-03-11 23:44:40', ''),
('dinhv', 12, '2020-02-13 18:25:46', '2020-03-23 01:36:41', ''),
('emltt', 4, '2020-01-03 07:36:33', '2020-01-10 13:00:17', ''),
('hienvo', 9, '2020-01-16 00:33:25', '2020-02-22 14:27:17', ''),
('hoangl', 43, '2020-01-06 11:07:09', '2020-01-08 09:30:51', ''),
('hoipc', 29, '2020-01-12 17:00:48', '2020-02-13 20:06:24', ''),
('hyptk', 2, '2020-02-08 22:15:37', '2020-03-12 02:33:39', ''),
('hyptk', 7, '2020-02-28 09:13:12', '2020-04-01 04:39:25', ''),
('hyptk', 22, '2020-02-18 16:28:11', '2020-03-30 16:55:18', ''),
('lamlkt', 40, '2020-01-01 22:21:54', '2020-02-11 21:52:56', ''),
('langpuv', 6, '2020-02-16 21:32:06', '2020-03-13 20:23:48', ''),
('nghiemnn', 41, '2020-02-19 03:00:23', '2020-03-25 01:14:26', ''),
('nghipt', 1, '2020-01-19 22:17:26', '2020-02-22 04:51:44', ''),
('nghipt', 35, '2020-02-13 10:49:50', '2020-03-01 01:02:01', ''),
('nhactnt', 32, '2020-01-12 19:20:42', '2020-02-23 08:36:28', ''),
('nhieulhn', 8, '2020-02-04 01:23:17', '2020-03-06 07:56:39', ''),
('nhieulhn', 37, '2020-01-07 17:03:57', '2020-01-11 20:18:32', ''),
('sangst', 19, '2020-02-18 18:55:45', '2020-03-22 20:16:30', ''),
('sangst', 46, '2020-02-27 05:56:51', '2020-04-06 13:01:54', ''),
('sangst', 50, '2020-02-04 18:00:43', '2020-02-08 05:17:35', ''),
('tangnat', 47, '2020-01-29 08:02:04', '2020-02-03 07:23:40', ''),
('thant', 16, '2020-01-13 12:32:51', '2020-02-16 14:28:49', ''),
('thaphnt', 16, '2020-01-29 10:46:31', '2020-02-17 22:25:58', ''),
('thaphnt', 17, '2020-01-01 07:20:00', '2020-01-28 17:54:49', ''),
('thud', 41, '2020-01-02 17:44:38', '2020-02-07 15:53:23', ''),
('trann', 2, '2020-02-26 23:19:49', '2020-03-09 03:33:28', ''),
('trinhhnt', 43, '2020-02-15 10:54:07', '2020-04-05 00:33:13', ''),
('trunt', 4, '2020-01-10 01:06:48', '2020-01-22 10:09:29', ''),
('truongtkb', 38, '2020-01-06 17:53:42', '2020-01-24 01:18:33', ''),
('tuanntk', 2, '2020-02-11 05:12:12', '2020-03-07 14:01:39', ''),
('tuanntk', 7, '2020-02-08 18:30:12', '2020-03-31 01:01:54', ''),
('tuuoqv', 24, '2020-01-07 02:46:03', '2020-01-07 19:15:36', ''),
('uybx', 14, '2020-01-24 19:19:22', '2020-01-27 06:53:53', ''),
('uyenl', 16, '2020-01-02 14:47:14', '2020-02-11 12:22:09', ''),
('vuiph', 6, '2020-01-15 14:48:50', '2020-03-11 17:15:40', '');

--
-- Triggers `dat_ban`
--
DELIMITER $$
CREATE TRIGGER `INSERT_DAT_BAN_THOI_GIAN_LAP_THOI_GIAN_NHAN` BEFORE INSERT ON `dat_ban` FOR EACH ROW BEGIN
IF (NEW.THOI_GIAN_NHAN < NEW.THOI_GIAN_LAP) THEN
SIGNAL SQLSTATE '45000' SET MESSAGE_TEXT = "Thời gian nhận phải lớn hơn hoặc bằng thời gian lập";
END IF;

END
$$
DELIMITER ;
DELIMITER $$
CREATE TRIGGER `UPDATE_DAT_BAN_THOI_GIAN_DAT_THOI_GIAN_NHAN` BEFORE UPDATE ON `dat_ban` FOR EACH ROW BEGIN  
IF (NEW.THOI_GIAN_NHAN < NEW.THOI_GIAN_LAP) THEN SIGNAL SQLSTATE '45000' SET MESSAGE_TEXT = "Thời gian nhận phải lớn hơn hoặc bằng thời gian lập"; END IF; END
$$
DELIMITER ;

-- --------------------------------------------------------

--
-- Table structure for table `hoa_don`
--

CREATE TABLE `hoa_don` (
  `ID_HOA_DON` int(11) NOT NULL,
  `ID_KHACH_HANG` int(11) DEFAULT NULL,
  `ID_BAN` int(11) NOT NULL,
  `ID_NHAN_VIEN` int(11) NOT NULL,
  `THOI_GIAN` datetime NOT NULL,
  `PHAN_TRAM_TICH_LUY` int(11) UNSIGNED NOT NULL,
  `SO_LUONG_DIEM_DOI` int(10) UNSIGNED NOT NULL,
  `TY_GIA_DIEM_DOI` float UNSIGNED NOT NULL
) ENGINE=InnoDB DEFAULT CHARSET=utf8 COLLATE=utf8_unicode_ci;

--
-- Dumping data for table `hoa_don`
--

INSERT INTO `hoa_don` (`ID_HOA_DON`, `ID_KHACH_HANG`, `ID_BAN`, `ID_NHAN_VIEN`, `THOI_GIAN`, `PHAN_TRAM_TICH_LUY`, `SO_LUONG_DIEM_DOI`, `TY_GIA_DIEM_DOI`) VALUES
(1, 58, 13, 9, '2020-01-17 16:44:45', 0, 27, 0.0779821),
(2, 72, 6, 4, '2020-01-02 22:33:53', 1, 35, 0.359617),
(3, 82, 50, 7, '2020-01-15 12:28:14', 0, 12, 0.364088),
(4, 83, 32, 7, '2020-01-03 11:31:57', 1, 21, 0.442643),
(5, 20, 4, 4, '2020-01-24 08:49:16', 1, 81, 0.505448),
(6, 67, 9, 8, '2020-02-20 14:38:47', 1, 81, 0.885162),
(7, 50, 35, 6, '2020-01-07 00:49:10', 0, 82, 0.448272),
(8, 7, 36, 9, '2020-01-22 16:50:38', 1, 85, 0.0444752),
(9, 14, 24, 7, '2020-01-26 01:56:49', 1, 67, 0.652164),
(10, 98, 11, 6, '2020-01-11 18:55:37', 0, 92, 0.45237),
(11, 72, 10, 7, '2020-01-14 17:01:53', 1, 53, 0.782497),
(12, 46, 50, 6, '2020-02-27 19:22:24', 0, 12, 0.595552),
(13, 43, 6, 5, '2020-02-25 14:07:18', 0, 54, 0.038975),
(14, 82, 1, 10, '2020-02-29 20:49:28', 0, 7, 0.749578),
(15, 94, 39, 1, '2020-02-09 10:44:37', 1, 95, 0.271636),
(16, 32, 1, 4, '2020-01-29 19:24:49', 0, 18, 0.502664),
(17, 81, 11, 3, '2020-02-23 11:21:56', 0, 94, 0.892516),
(18, 2, 23, 7, '2020-02-28 06:59:42', 1, 66, 0.111067),
(19, 55, 33, 9, '2020-01-28 05:05:11', 0, 46, 0.406986),
(20, 28, 29, 4, '2020-02-24 16:15:21', 1, 56, 0.166212),
(21, 18, 33, 8, '2020-02-13 03:32:35', 1, 37, 0.0960439),
(22, 26, 18, 3, '2020-01-06 20:31:22', 0, 82, 0.291988),
(23, 72, 26, 9, '2020-01-28 04:31:21', 1, 40, 0.501387),
(24, 90, 21, 8, '2020-01-19 06:02:14', 0, 27, 0.0323309),
(25, 23, 45, 2, '2020-01-27 16:05:13', 0, 10, 0.0200671),
(26, 26, 47, 3, '2020-01-02 13:07:26', 1, 30, 0.68832),
(27, 15, 14, 9, '2020-01-14 19:22:56', 0, 56, 0.273921),
(28, 97, 31, 6, '2020-01-30 09:41:34', 0, 65, 0.0328439),
(29, 51, 48, 10, '2020-01-20 00:47:50', 1, 8, 0.703355),
(30, 21, 12, 8, '2020-02-01 21:41:43', 1, 5, 0.654698),
(31, 39, 19, 4, '2020-01-10 03:31:12', 1, 48, 0.724732),
(32, 46, 26, 5, '2020-02-08 00:09:51', 1, 83, 0.819485),
(33, 6, 14, 6, '2020-01-17 03:37:10', 1, 84, 0.502014),
(34, 76, 47, 4, '2020-01-19 02:29:15', 1, 45, 0.772135),
(35, 48, 48, 9, '2020-01-18 15:27:07', 0, 95, 0.571221),
(36, 68, 27, 10, '2020-01-29 18:14:57', 1, 1, 0.17007),
(37, 51, 37, 10, '2020-02-24 22:20:01', 0, 86, 0.200504),
(38, 94, 22, 7, '2020-01-16 14:28:43', 0, 2, 0.598629),
(39, 99, 7, 5, '2020-02-05 16:53:15', 0, 69, 0.992059),
(40, 84, 38, 7, '2020-01-21 19:44:21', 0, 82, 0.217447),
(41, 71, 27, 9, '2020-02-17 22:55:18', 1, 97, 0.463739),
(42, 32, 26, 4, '2020-02-08 20:03:24', 1, 31, 0.476536),
(43, 76, 13, 1, '2020-01-06 14:06:33', 1, 20, 0.458077),
(44, 7, 35, 1, '2020-01-25 10:58:21', 1, 96, 0.266822),
(45, 12, 21, 4, '2020-01-07 08:51:37', 0, 95, 0.131839),
(46, 9, 8, 7, '2020-01-21 18:20:04', 1, 62, 0.622587),
(47, 13, 34, 4, '2020-01-16 15:27:56', 1, 60, 0.302319),
(48, 42, 41, 2, '2020-01-17 06:33:34', 0, 48, 0.356807),
(49, 1, 4, 7, '2020-02-10 04:47:28', 0, 93, 0.713918),
(50, 78, 31, 6, '2020-01-02 15:49:58', 1, 56, 0.46877),
(51, 84, 43, 8, '2020-02-21 03:59:17', 1, 35, 0.477373),
(52, 81, 35, 10, '2020-01-26 06:05:40', 1, 70, 0.470035),
(53, 68, 5, 10, '2020-01-31 10:33:56', 1, 63, 0.301971),
(54, 37, 43, 6, '2020-01-25 22:49:04', 0, 4, 0.395447),
(55, 85, 31, 3, '2020-01-13 09:33:41', 0, 63, 0.182262),
(56, 78, 20, 7, '2020-01-10 09:28:16', 1, 27, 0.977738),
(57, 66, 1, 2, '2020-02-11 11:40:58', 1, 32, 0.436515),
(58, 19, 11, 10, '2020-02-11 09:43:36', 0, 86, 0.512092),
(59, 11, 33, 9, '2020-01-28 23:43:56', 0, 92, 0.288694),
(60, 41, 31, 5, '2020-01-25 08:06:54', 1, 68, 0.79531),
(61, 94, 43, 2, '2020-01-14 14:55:56', 0, 42, 0.69386),
(62, 49, 48, 7, '2020-01-16 03:40:46', 1, 37, 0.57879),
(63, 61, 25, 10, '2020-02-17 06:11:07', 1, 90, 0.803371),
(64, 28, 39, 8, '2020-01-31 20:41:37', 1, 40, 0.165841),
(65, 76, 36, 6, '2020-01-18 12:23:59', 1, 66, 0.984456),
(66, 7, 17, 9, '2020-02-27 02:15:48', 0, 15, 0.700908),
(67, 86, 21, 8, '2020-02-12 22:09:24', 0, 52, 0.828475),
(68, 44, 44, 7, '2020-01-28 22:15:02', 1, 55, 0.462008),
(69, 17, 25, 2, '2020-01-07 10:31:06', 1, 10, 0.57349),
(70, 81, 27, 10, '2020-01-31 08:56:31', 1, 45, 0.0634506),
(71, 34, 30, 9, '2020-01-28 00:57:40', 1, 68, 0.914619),
(72, 79, 16, 9, '2020-01-28 15:54:21', 0, 88, 0.920853),
(73, 61, 32, 1, '2020-01-04 09:02:58', 1, 14, 0.572587),
(74, 100, 33, 1, '2020-01-22 03:19:51', 0, 99, 0.648924),
(75, 20, 38, 2, '2020-01-25 18:16:15', 1, 38, 0.214345),
(76, 37, 1, 7, '2020-02-12 02:40:49', 1, 43, 0.370613),
(77, 72, 26, 10, '2020-01-27 16:05:35', 1, 24, 0.656587),
(78, 53, 17, 8, '2020-01-31 01:24:22', 0, 16, 0.899881),
(79, 89, 9, 8, '2020-01-07 16:41:31', 1, 14, 0.8868),
(80, 84, 48, 1, '2020-01-30 02:41:27', 0, 96, 0.294486),
(81, 25, 35, 4, '2020-02-23 00:31:42', 1, 56, 0.0891964),
(82, 61, 36, 4, '2020-02-24 05:46:41', 1, 70, 0.461184),
(83, 93, 28, 7, '2020-01-08 06:57:48', 1, 97, 0.509037),
(84, 2, 22, 6, '2020-01-05 01:55:48', 0, 90, 0.233907),
(85, 37, 9, 1, '2020-02-03 10:21:43', 1, 5, 0.576875),
(86, 16, 21, 9, '2020-01-17 08:21:25', 0, 72, 0.668128),
(87, 11, 21, 10, '2020-02-08 04:40:12', 0, 76, 0.210756),
(88, 29, 36, 9, '2020-01-26 18:33:31', 1, 21, 0.898053),
(89, 57, 10, 6, '2020-02-14 22:19:18', 0, 42, 0.156427),
(90, 96, 1, 9, '2020-02-21 02:38:39', 0, 34, 0.192571),
(91, 33, 28, 2, '2020-02-29 13:21:20', 0, 3, 0.109012),
(92, 50, 42, 9, '2020-02-14 17:16:57', 0, 97, 0.145338),
(93, 54, 2, 9, '2020-02-22 21:30:10', 0, 24, 0.278405),
(94, 82, 10, 4, '2020-01-18 23:48:56', 0, 92, 0.635283),
(95, 2, 41, 6, '2020-02-19 11:46:17', 1, 46, 0.87378),
(96, 99, 14, 1, '2020-02-22 18:43:48', 0, 91, 0.309279),
(97, 38, 29, 8, '2020-02-20 01:09:41', 0, 58, 0.567095),
(98, 4, 23, 5, '2020-02-06 22:27:56', 1, 20, 0.351291),
(99, 77, 41, 9, '2020-01-20 04:14:34', 1, 39, 0.443463),
(100, 93, 31, 6, '2020-02-21 11:35:00', 0, 18, 0.941361),
(101, 42, 47, 2, '2020-02-05 13:29:12', 0, 89, 0.645151),
(102, 70, 4, 5, '2020-02-24 15:20:13', 1, 93, 0.547983),
(103, 76, 1, 4, '2020-01-18 12:43:13', 1, 26, 0.199472),
(104, 38, 4, 5, '2020-02-02 01:11:54', 1, 98, 0.334159),
(105, 27, 42, 7, '2020-02-16 09:44:21', 1, 33, 0.56846),
(106, 36, 26, 2, '2020-02-10 12:28:39', 1, 9, 0.207159),
(107, 87, 21, 3, '2020-01-21 00:41:22', 0, 16, 0.0680835),
(108, 47, 9, 4, '2020-02-16 15:51:15', 0, 62, 0.674427),
(109, 73, 19, 5, '2020-01-27 03:41:22', 0, 18, 0.476523),
(110, 70, 26, 1, '2020-02-24 19:12:32', 1, 44, 0.467836),
(111, 14, 32, 1, '2020-02-10 12:22:28', 1, 10, 0.0513998),
(112, 84, 11, 3, '2020-02-13 02:28:11', 0, 32, 0.151575),
(113, 45, 1, 10, '2020-01-10 08:31:07', 0, 77, 0.664458),
(114, 23, 40, 7, '2020-02-11 13:29:01', 0, 14, 0.319094),
(115, 42, 17, 1, '2020-01-16 00:15:34', 0, 17, 0.270609),
(116, 24, 35, 7, '2020-01-07 04:36:00', 1, 96, 0.65767),
(117, 50, 39, 9, '2020-01-28 13:23:29', 0, 57, 0.268677),
(118, 64, 1, 8, '2020-01-19 16:59:51', 0, 6, 0.569726),
(119, 74, 39, 9, '2020-01-03 18:04:44', 0, 97, 0.915835),
(120, 56, 16, 1, '2020-02-13 17:32:00', 1, 25, 0.66317),
(121, 93, 6, 8, '2020-01-23 08:08:47', 0, 98, 0.0139389),
(122, 52, 1, 2, '2020-01-26 01:48:03', 1, 81, 0.394005),
(123, 28, 43, 3, '2020-01-08 13:32:17', 1, 43, 0.210662),
(124, 16, 34, 7, '2020-02-14 03:54:50', 0, 33, 0.318263),
(125, 71, 29, 3, '2020-02-10 16:08:36', 0, 9, 0.588653),
(126, 3, 11, 8, '2020-02-21 04:30:07', 1, 30, 0.756777),
(127, 74, 33, 6, '2020-01-03 20:17:01', 0, 15, 0.215287),
(128, 26, 15, 7, '2020-01-26 09:36:25', 1, 92, 0.662869),
(129, 19, 21, 4, '2020-01-31 13:29:17', 1, 89, 0.334468),
(130, 73, 35, 5, '2020-01-25 15:46:52', 1, 92, 0.230965),
(131, 11, 1, 1, '2020-02-01 21:07:19', 1, 46, 0.474384),
(132, 99, 10, 7, '2020-01-11 18:00:05', 0, 19, 0.0462672),
(133, 37, 19, 10, '2020-01-08 12:34:30', 0, 31, 0.862312),
(134, 55, 3, 1, '2020-01-20 17:45:56', 1, 42, 0.423821),
(135, 35, 15, 7, '2020-02-12 04:28:10', 0, 72, 0.4705),
(136, 41, 4, 10, '2020-02-29 08:55:21', 0, 10, 0.637217),
(137, 90, 14, 6, '2020-01-02 15:50:23', 1, 39, 0.792486),
(138, 81, 33, 4, '2020-01-20 19:44:44', 0, 80, 0.29863),
(139, 52, 7, 6, '2020-01-16 05:04:52', 0, 93, 0.342354),
(140, 3, 7, 3, '2020-01-13 03:50:26', 1, 16, 0.464994),
(141, 17, 9, 10, '2020-02-13 14:13:27', 0, 80, 0.156287),
(142, 31, 1, 9, '2020-01-06 02:41:55', 0, 51, 0.0573094),
(143, 54, 46, 10, '2020-02-17 15:03:19', 0, 41, 0.328495),
(144, 54, 27, 5, '2020-01-11 12:22:42', 1, 96, 0.744098),
(145, 26, 37, 7, '2020-02-06 19:49:35', 1, 7, 0.611646),
(146, 9, 18, 4, '2020-01-25 18:51:22', 0, 59, 0.0808125),
(147, 45, 38, 1, '2020-01-25 21:38:44', 0, 62, 0.877544),
(148, 85, 10, 4, '2020-02-19 08:04:55', 1, 79, 0.0172175),
(149, 96, 20, 1, '2020-01-26 18:55:58', 1, 91, 0.759665),
(150, 41, 30, 6, '2020-02-07 19:24:41', 1, 80, 0.113694),
(151, 17, 26, 10, '2020-01-28 17:33:48', 1, 29, 0.131471),
(152, 49, 36, 5, '2020-02-17 16:45:48', 1, 96, 0.720553),
(153, 83, 22, 9, '2020-02-13 04:39:44', 1, 93, 0.706131),
(154, 58, 16, 5, '2020-01-18 22:09:39', 1, 54, 0.128713),
(155, 41, 30, 5, '2020-02-02 13:49:22', 1, 95, 0.314929),
(156, 58, 47, 8, '2020-01-04 11:49:14', 0, 40, 0.174644),
(157, 31, 24, 3, '2020-02-01 16:50:50', 0, 4, 0.950316),
(158, 69, 33, 5, '2020-01-24 18:47:01', 1, 39, 0.216241),
(159, 50, 38, 1, '2020-01-07 05:28:55', 0, 31, 0.704914),
(160, 67, 49, 5, '2020-01-06 19:24:19', 0, 54, 0.437045),
(161, 73, 31, 5, '2020-02-05 03:48:14', 0, 75, 0.615455),
(162, 1, 49, 8, '2020-01-27 07:20:38', 0, 72, 0.713645),
(163, 73, 26, 6, '2020-02-16 20:20:05', 1, 24, 0.860955),
(164, 57, 32, 5, '2020-01-25 22:01:02', 1, 20, 0.966739),
(165, 23, 46, 7, '2020-01-30 18:37:41', 0, 93, 0.256252),
(166, 98, 46, 1, '2020-02-06 18:17:54', 1, 2, 0.39809),
(167, 68, 31, 5, '2020-02-26 16:56:47', 0, 17, 0.830098),
(168, 8, 41, 9, '2020-01-08 10:57:23', 1, 26, 0.167262),
(169, 68, 41, 3, '2020-01-15 08:30:05', 0, 58, 0.609114),
(170, 79, 17, 8, '2020-01-18 12:22:05', 0, 28, 0.459925),
(171, 92, 40, 1, '2020-01-14 19:47:09', 1, 3, 0.283979),
(172, 8, 44, 4, '2020-02-20 19:32:48', 1, 61, 0.68588),
(173, 24, 23, 2, '2020-02-17 14:09:01', 0, 23, 0.843761),
(174, 57, 4, 5, '2020-02-04 18:41:01', 1, 55, 0.425853),
(175, 33, 10, 3, '2020-01-05 11:03:15', 1, 85, 0.304898),
(176, 100, 41, 5, '2020-02-14 09:55:37', 1, 32, 0.816582),
(177, 37, 40, 2, '2020-01-03 10:51:25', 0, 56, 0.362889),
(178, 4, 26, 8, '2020-01-10 12:53:56', 1, 26, 0.307202),
(179, 91, 32, 8, '2020-01-02 20:18:41', 0, 82, 0.37917),
(180, 100, 11, 8, '2020-01-14 08:26:57', 1, 38, 0.905512),
(181, 61, 40, 6, '2020-01-03 21:29:40', 0, 99, 0.865932),
(182, 89, 42, 2, '2020-02-16 02:28:58', 1, 39, 0.871696),
(183, 5, 33, 6, '2020-01-10 03:12:01', 0, 92, 0.208228),
(184, 36, 22, 10, '2020-02-04 17:29:51', 1, 63, 0.685252),
(185, 83, 40, 1, '2020-01-23 08:52:39', 1, 14, 0.385931),
(186, 18, 24, 10, '2020-01-10 17:45:51', 1, 55, 0.141932),
(187, 33, 27, 3, '2020-01-27 00:28:42', 1, 96, 0.315584),
(188, 68, 5, 10, '2020-01-29 14:36:36', 0, 99, 0.354497),
(189, 98, 30, 2, '2020-01-13 09:46:01', 1, 59, 0.00594634),
(190, 99, 44, 4, '2020-01-04 08:22:32', 0, 22, 0.609632),
(191, 28, 35, 10, '2020-02-19 14:48:39', 0, 27, 0.05494),
(192, 53, 16, 6, '2020-02-05 04:58:36', 1, 52, 0.273678),
(193, 20, 14, 9, '2020-01-26 11:24:03', 0, 1, 0.482592),
(194, 67, 26, 10, '2020-02-26 06:31:45', 1, 11, 0.540515),
(195, 63, 15, 6, '2020-02-21 01:41:43', 0, 5, 0.426997),
(196, 93, 34, 1, '2020-02-24 21:06:30', 0, 27, 0.164431),
(197, 53, 44, 8, '2020-02-06 23:33:17', 1, 65, 0.315712),
(198, 59, 16, 8, '2020-01-20 16:54:06', 1, 86, 0.777951),
(199, 57, 30, 10, '2020-01-07 16:58:58', 1, 42, 0.684781),
(200, 30, 3, 9, '2020-02-04 18:19:46', 0, 50, 0.567256);

--
-- Triggers `hoa_don`
--
DELIMITER $$
CREATE TRIGGER `DELETE_HOA_DON_DELETE_CTHD` BEFORE DELETE ON `hoa_don` FOR EACH ROW BEGIN
DELETE FROM cthd WHERE cthd.ID_HOA_DON = OLD.ID_HOA_DON;
END
$$
DELIMITER ;

-- --------------------------------------------------------

--
-- Table structure for table `khach_hang`
--

CREATE TABLE `khach_hang` (
  `ID_KHACH_HANG` int(11) NOT NULL,
  `TEN` varchar(100) COLLATE utf8_unicode_ci NOT NULL,
  `SDT` varchar(15) COLLATE utf8_unicode_ci NOT NULL,
  `USERNAME` varchar(100) COLLATE utf8_unicode_ci NOT NULL,
  `DIEM_TICH_LUY` int(11) UNSIGNED NOT NULL DEFAULT 0
) ENGINE=InnoDB DEFAULT CHARSET=utf8 COLLATE=utf8_unicode_ci;

--
-- Dumping data for table `khach_hang`
--

INSERT INTO `khach_hang` (`ID_KHACH_HANG`, `TEN`, `SDT`, `USERNAME`, `DIEM_TICH_LUY`) VALUES
(1, 'Nguyễn Ấn Trường Tăng', '08572433194', 'tangnat', 81),
(2, 'Nguyễn Cù', '05086640059', 'cun', 46),
(3, 'Trần Quá', '09388514694', 'quat', 55),
(4, 'Dương Thụ', '00194354476', 'thud', 74),
(5, 'Võ Khu Lệ', '02664427090', 'levk', 26),
(6, 'Võ Từ', '02127424640', 'tuv', 26),
(7, 'Bành Thược Biện', '00386698114', 'bienbt', 33),
(8, 'Phạm Hựu Vui', '07866451165', 'vuiph', 58),
(9, 'Lê Khánh Trị Lam', '02824425116', 'lamlkt', 37),
(10, 'Trần Ân Bản', '06373526730', 'banta', 51),
(11, 'Nguyễn Tuy Trữ', '06274053198', 'trunt', 42),
(12, 'Hướng Hoạch Hạt Chi', '09321003858', 'chihhh', 84),
(13, 'Nguyễn Mẫn Bút Nghị', '09301825734', 'nghinmb', 1),
(14, 'Nguyễn Tỉnh Ái', '01518496324', 'aint', 54),
(15, 'Nguyễn Quyến Phiệt', '09666524040', 'phietnq', 12),
(16, 'Nguyễn Thâu Đan Ẩn', '02497941558', 'anntd', 49),
(17, 'Trần Lục Khuê Hảo', '08609661585', 'haotlk', 19),
(18, 'Trần Tống', '05207189459', 'tongt', 50),
(19, 'Phạm Mộc', '00744130771', 'mocp', 42),
(20, 'Sái Tôn Sang', '08811693203', 'sangst', 42),
(21, 'Mầu Hy Hùng Đông', '08786364720', 'dongmhh', 6),
(22, 'Mẫn Khiết Đạm', '06354312623', 'dammk', 46),
(23, 'Nguyễn Trát Kế Tuần', '09689281796', 'tuanntk', 9),
(24, 'Phan Triệu Nghi', '04955452900', 'nghipt', 21),
(25, 'Phan Ninh Thúc', '00984801807', 'thucpn', 99),
(26, 'Đặng Cầu Dục Quan', '03463758042', 'quandcd', 56),
(27, 'Nguyễn Luyện Bật Truyền', '04617678235', 'truyennlb', 18),
(28, 'Nhâm Cam Trọng', '07830275679', 'trongnc', 56),
(29, 'Trần Bạch Uyển Nhưỡng', '09812522773', 'nhuongtbu', 56),
(30, 'Nguyễn Trưởng', '08598818589', 'truongn', 36),
(31, 'Nguyễn Cảo Kiệm', '08165488424', 'kiemnc', 34),
(32, 'Ong Qua Vinh Tửu', '02874957499', 'tuuoqv', 29),
(33, 'Hoàng Cường Ba', '00948589102', 'bahc', 95),
(34, 'Nguyễn Trấn', '03308315523', 'trann', 89),
(35, 'Lê Diêm Quang Diệp', '09043305149', 'diepldq', 24),
(36, 'Phan Tung Khoan Hỷ', '00026215854', 'hyptk', 79),
(37, 'Hoàng Nhu Truật Thập', '00966689600', 'thaphnt', 31),
(38, 'Nguyễn Hân Cú Diệp', '08757564934', 'diepnhc', 60),
(39, 'Hoàng Năng Toả Trình', '01118772405', 'trinhhnt', 93),
(40, 'Phạm Thoả', '01067942635', 'thoap', 82),
(41, 'Huỳnh Bật', '02737149959', 'bath', 90),
(42, 'Lê Uyên', '09256034926', 'uyenl', 94),
(43, 'Vũ Côn Đồng Cổn', '09909304532', 'convcd', 70),
(44, 'Đặng Hiệt Diêm Bổ', '07339816614', 'bodhd', 21),
(45, 'Nguyễn Võ', '07372147049', 'von', 7),
(46, 'Nguyễn Kỉnh', '04265764205', 'kinhn', 62),
(47, 'Võ Oanh Hiển', '08993959861', 'hienvo', 60),
(48, 'Trần Khuyết', '08104874265', 'khuyett', 48),
(49, 'Đường Ưông Bồi Mão', '02214463992', 'maodub', 12),
(50, 'Huỳnh Nho', '01869452132', 'nhoh', 70),
(51, 'Lê Hoàng', '02508294864', 'hoangl', 19),
(52, 'Trần Thân', '02868601228', 'thant', 79),
(53, 'Trần Khiêu Đô Ca', '07118817725', 'catkd', 24),
(54, 'Nguyễn Hân Phiêu Trương', '00213219012', 'truongnhp', 3),
(55, 'Nguyễn Nghiên Nghiêm', '07679888603', 'nghiemnn', 82),
(56, 'Lê Tung Tinh Em', '05870732322', 'emltt', 43),
(57, 'Trần Ẩn Đắc Điều', '07015771820', 'dieutad', 65),
(58, 'Trần Tồn Khưu Dịch', '08571153327', 'dichttk', 6),
(59, 'Nguyễn Đĩnh Tứ Phấn', '08183876598', 'phanndt', 2),
(60, 'Trần Bồi Đỉnh', '07052567541', 'dinhtb', 97),
(61, 'Nguyễn Đãi', '02013631338', 'dain', 95),
(62, 'Nguyễn Bộ Nữ Lãng', '07156523840', 'langnbn', 62),
(63, 'Hoàng Tư Phú', '05884395695', 'phuht', 14),
(64, 'Nguyễn Triều Dị', '01364949032', 'dint', 59),
(65, 'Huỳnh Quán Vang', '00138854588', 'vanghq', 11),
(66, 'Phan Cửu Hồi', '06628085789', 'hoipc', 61),
(67, 'Trần Nho Tý Nhạc', '03634662219', 'nhactnt', 16),
(68, 'Cù Viễn Nga', '05626617701', 'ngacv', 87),
(69, 'Phạm Hoán', '08291243713', 'hoanp', 1),
(70, 'Nguyễn Phả Thục', '04523002020', 'thucnp', 26),
(71, 'Nguyễn Tuỵ', '01295527041', 'tuyn', 97),
(72, 'Nguyễn Sửu Ngọ', '06304510835', 'ngons', 0),
(73, 'Võ Ngân Linh', '04811488572', 'linhvn', 91),
(74, 'Giáp Vịnh Sinh', '08441192245', 'sinhgv', 37),
(75, 'Trần Ngự Tuyến Đông', '01542121992', 'dongtnt', 83),
(76, 'Vũ Khái', '02120885663', 'khaiv', 71),
(77, 'Võ Bặt Quá', '03517160710', 'quavb', 0),
(78, 'Sầm Nghiêm Hối', '04649274233', 'hoisn', 55),
(79, 'Phạm Uẩn Vui Lang', '01999570635', 'langpuv', 93),
(80, 'Hướng Kinh Xướng Trang', '08294314466', 'tranghkx', 63),
(81, 'Nguyễn Trụ Trạng', '03727577461', 'trangnt', 50),
(82, 'Bùi Thận Chú', '06819131222', 'chubt', 37),
(83, 'Nguyễn Thời Đệ', '09572275515', 'dent', 62),
(84, 'Trần Nhiêu Khoán', '06954602283', 'khoantn', 32),
(85, 'Phạm Lược', '02186546846', 'luocp', 59),
(86, 'Nguyễn Trạch Bổn', '04084405181', 'bonnt', 57),
(87, 'Phạm Lãnh', '02363513055', 'lanhp', 71),
(88, 'Anh Dự Thuật Khuyết', '06646409953', 'khuyetadt', 90),
(89, 'Nguyễn Hán Đào', '00658357426', 'daonh', 20),
(90, 'Lê Thy Khai Toàn', '05751111436', 'toanltk', 45),
(91, 'Nguyễn Ngạc', '09046437382', 'ngacn', 48),
(92, 'Vũ Hanh Chung', '01400004783', 'chungvh', 22),
(93, 'Vũ Phủ Án Sung', '04793103672', 'sungvpa', 6),
(94, 'Trần Khấp Bằng Trường', '07787915384', 'truongtkb', 24),
(95, 'Võ Hựu', '00156124805', 'huuv', 18),
(96, 'Nguyễn Tiêu', '02608964997', 'tieun', 46),
(97, 'Nguyễn Phượng Lan', '00588222726', 'lannp', 72),
(98, 'Nguyễn Dực', '02486556459', 'ducn', 49),
(99, 'Trần Thu Tiêm Khúc', '00079971021', 'khucttt', 22),
(100, 'Nguyễn Phiến Lăng Kiêm', '01400395394', 'kiemnpl', 45);

--
-- Triggers `khach_hang`
--
DELIMITER $$
CREATE TRIGGER `DELETE_KHACH_HANG_DELETE_HOA_DON` BEFORE DELETE ON `khach_hang` FOR EACH ROW BEGIN
DELETE FROM hoa_don WHERE hoa_don.ID_KHACH_HANG = OLD.ID_KHACH_HANG;
END
$$
DELIMITER ;

-- --------------------------------------------------------

--
-- Table structure for table `khuyen_mai`
--

CREATE TABLE `khuyen_mai` (
  `ID_KHUYEN_MAI` int(11) NOT NULL,
  `TEN` varchar(100) NOT NULL,
  `THOI_GIAN_DIEN_RA` datetime NOT NULL,
  `THOI_GIAN_KET_THUC` datetime NOT NULL
) ENGINE=InnoDB DEFAULT CHARSET=utf8mb4;

--
-- Dumping data for table `khuyen_mai`
--

INSERT INTO `khuyen_mai` (`ID_KHUYEN_MAI`, `TEN`, `THOI_GIAN_DIEN_RA`, `THOI_GIAN_KET_THUC`) VALUES
(1, 'Khuyến mãi ngày 18/2}', '2020-02-18 00:32:37', '2020-03-12 15:52:27'),
(2, 'Khuyến mãi ngày 1/1}', '2020-01-01 17:33:03', '2020-02-02 07:04:10'),
(3, 'Khuyến mãi ngày 11/1}', '2020-01-11 23:02:19', '2020-01-15 15:48:50'),
(4, 'Khuyến mãi ngày 29/1}', '2020-01-29 11:41:46', '2020-03-23 19:57:41'),
(5, 'Khuyến mãi ngày 15/2}', '2020-02-15 11:06:47', '2020-04-06 11:42:38'),
(6, 'Khuyến mãi ngày 19/1}', '2020-01-19 01:47:46', '2020-01-30 06:17:29'),
(7, 'Khuyến mãi ngày 11/2}', '2020-02-11 19:22:44', '2020-02-13 08:22:52'),
(8, 'Khuyến mãi ngày 5/1}', '2020-01-05 20:48:52', '2020-01-15 19:55:18'),
(9, 'Khuyến mãi ngày 8/1}', '2020-01-08 21:27:15', '2020-03-03 22:42:10'),
(10, 'Khuyến mãi ngày 10/2}', '2020-02-10 19:35:34', '2020-03-03 07:08:49'),
(11, 'Khuyến mãi ngày 24/1}', '2020-01-24 18:09:39', '2020-02-13 14:37:32'),
(12, 'Khuyến mãi ngày 17/2}', '2020-02-17 10:57:25', '2020-02-26 03:16:12'),
(13, 'Khuyến mãi ngày 30/1}', '2020-01-30 10:42:10', '2020-03-17 21:52:03'),
(14, 'Khuyến mãi ngày 21/2}', '2020-02-21 01:11:25', '2020-04-01 14:37:33'),
(15, 'Khuyến mãi ngày 5/1}', '2020-01-05 17:13:17', '2020-02-10 22:20:15'),
(16, 'Khuyến mãi ngày 22/1}', '2020-01-22 03:26:09', '2020-02-29 00:57:41'),
(17, 'Khuyến mãi ngày 11/1}', '2020-01-11 16:41:42', '2020-01-11 18:17:51'),
(18, 'Khuyến mãi ngày 17/2}', '2020-02-17 20:54:20', '2020-03-14 18:02:33'),
(19, 'Khuyến mãi ngày 15/2}', '2020-02-15 06:47:02', '2020-04-09 09:32:48'),
(20, 'Khuyến mãi ngày 30/1}', '2020-01-30 08:07:30', '2020-02-23 02:12:14');

--
-- Triggers `khuyen_mai`
--
DELIMITER $$
CREATE TRIGGER `DELETE_KHUYENMAI_DELETE_CTKM` BEFORE DELETE ON `khuyen_mai` FOR EACH ROW BEGIN
DELETE FROM ctkm WHERE ctkm.ID_KHUYEN_MAI = OLD.ID_KHUYEN_MAI;
END
$$
DELIMITER ;

-- --------------------------------------------------------

--
-- Table structure for table `loai_san_pham`
--

CREATE TABLE `loai_san_pham` (
  `ID_LOAISP` int(11) NOT NULL,
  `TEN` varchar(100) COLLATE utf8_unicode_ci NOT NULL
) ENGINE=InnoDB DEFAULT CHARSET=utf8 COLLATE=utf8_unicode_ci;

--
-- Dumping data for table `loai_san_pham`
--

INSERT INTO `loai_san_pham` (`ID_LOAISP`, `TEN`) VALUES
(1, 'Cà phê'),
(2, 'Sữa'),
(3, 'Trà');

--
-- Triggers `loai_san_pham`
--
DELIMITER $$
CREATE TRIGGER `DELETE_LOAI_SAN_PHAM_DELETE_SAN_PHAM` BEFORE DELETE ON `loai_san_pham` FOR EACH ROW BEGIN
DELETE FROM san_pham WHERE san_pham.ID_LOAISP = OLD.ID_LOAISP;
END
$$
DELIMITER ;

-- --------------------------------------------------------

--
-- Table structure for table `nhan_vien`
--

CREATE TABLE `nhan_vien` (
  `ID_NHAN_VIEN` int(11) NOT NULL,
  `TEN` varchar(100) COLLATE utf8_unicode_ci NOT NULL,
  `SDT` varchar(15) COLLATE utf8_unicode_ci NOT NULL,
  `LOAI` varchar(10) COLLATE utf8_unicode_ci NOT NULL,
  `USERNAME` varchar(100) COLLATE utf8_unicode_ci NOT NULL
) ENGINE=InnoDB DEFAULT CHARSET=utf8 COLLATE=utf8_unicode_ci;

--
-- Dumping data for table `nhan_vien`
--

INSERT INTO `nhan_vien` (`ID_NHAN_VIEN`, `TEN`, `SDT`, `LOAI`, `USERNAME`) VALUES
(1, 'Đỗ Lụa Thượng Tống', '07672286942', '0', 'tongdlt'),
(2, 'Nguyễn Oánh Trưởng', '04355105969', '1', 'truongno'),
(3, 'Bùi Xoài Uy', '07206012578', '0', 'uybx'),
(4, 'Trần Nhạc Đạc Giám', '09639476906', '0', 'giamtnd'),
(5, 'Trần Hai Bạt Bộc', '09691223851', '0', 'bocthb'),
(6, 'Vũ Dinh', '03978561838', '1', 'dinhv'),
(7, 'Hoàng Bài Toa', '01552541217', '0', 'toahb'),
(8, 'Nguyễn Ngạn Nghinh', '05687052035', '0', 'nghinhnn'),
(9, 'Phan Hường Hảo Hoàn', '04497559981', '0', 'hoanphh'),
(10, 'Lê Hãn Nghiêm Nhiễu', '01079298182', '0', 'nhieulhn');

--
-- Triggers `nhan_vien`
--
DELIMITER $$
CREATE TRIGGER `DELETE_NHAN_VIEN_DELETE_HOA_DON` BEFORE DELETE ON `nhan_vien` FOR EACH ROW BEGIN
DELETE FROM hoa_don WHERE hoa_don.ID_NHAN_VIEN = OLD.ID_NHAN_VIEN;
END
$$
DELIMITER ;

-- --------------------------------------------------------

--
-- Table structure for table `san_pham`
--

CREATE TABLE `san_pham` (
  `ID_SAN_PHAM` int(11) NOT NULL,
  `ID_LOAISP` int(11) NOT NULL,
  `TEN` varchar(100) COLLATE utf8_unicode_ci NOT NULL,
  `GIA` int(11) UNSIGNED NOT NULL,
  `DIEM_TICH_LUY` int(10) UNSIGNED NOT NULL DEFAULT 0,
  `DESCRIPTION` text COLLATE utf8_unicode_ci DEFAULT NULL
) ENGINE=InnoDB DEFAULT CHARSET=utf8 COLLATE=utf8_unicode_ci;

--
-- Dumping data for table `san_pham`
--

INSERT INTO `san_pham` (`ID_SAN_PHAM`, `ID_LOAISP`, `TEN`, `GIA`, `DIEM_TICH_LUY`, `DESCRIPTION`) VALUES
(1, 1, 'Caffè latte', 50000, 4, 'Kiểu cà phê sữa của ý, một phần sữa nóng, một phần espresso '),
(2, 1, 'Cappuccino', 40000, 27, 'Một phần ba là espresso, một phần ba là sữa nóng và một phần ba sữa đánh bông, thêm bột cacao hoặc bột quế '),
(3, 1, 'Espresso con panna', 58000, 10, 'Espresso dùng kem sữa đánh đặc thay vì sữa sủi bọt'),
(4, 1, 'Chocolaccino', 68000, 0, 'Cappuccino thêm sôcôla nghiền'),
(5, 1, 'Coretto', 74000, 39, 'Cà phê espresso với rượu mạnh, ví dụ như coretto con grappa, coretto con fernet...'),
(6, 1, 'Doppio', 36000, 30, 'Hai phần espresso'),
(7, 1, 'Espresso', 51000, 32, 'Cà phê cực đặc không có sữa hay đường, pha bằng cách cho nước dưới áp suất cao '),
(8, 1, 'Lungo', 81000, 67, 'Espresso với lượng nước nhiều gấp đôi '),
(9, 1, 'Latte macchiato', 44000, 30, 'Sữa ấm sủi bọt và rót cẩn thận espesso lungo vào '),
(10, 1, 'Mischio', 79000, 3, 'Cà phê pha với cacao và kem sữa đánh đặc'),
(11, 1, 'Ristretto', 76000, 26, 'Espresso với lượng nước rất ít '),
(12, 1, 'Eiskaffee', 35000, 98, 'Cà phê nguội thêm kem vani'),
(13, 1, 'Cà phê ireland', 92000, 82, 'Mokka với whisky, kem sữa và đường '),
(14, 1, 'Kaffee hag®', 80000, 31, 'Cà phê không chứa ca-phê-in '),
(15, 1, 'Milchkaffee', 47000, 67, 'Cà phê pha qua giấy lọc, một nửa sữa, một nửa cà phê'),
(16, 1, 'Mokka', 55000, 22, 'Một loại cà phê đặc '),
(17, 1, 'Pharisäer', 61000, 40, 'Cà phê đen với rượu rum, đường và kem sữa đánh đặc'),
(18, 1, 'Rüdesheimer kaffee', 81000, 74, 'Cà phê pha với rượu brandy, kem sữa đánh đặc, đường vani, thêm vụn sôcôla'),
(19, 1, 'Schwaten hay schwatten', 86000, 89, 'Cà phê loãng, cho thêm đường và 2 cl rượu mạnh làm từ ngũ cốc '),
(20, 1, 'Kaffee kiểu thổ', 35000, 28, 'Cà phê đặc để trong ấm nhỏ, kèm cả bã'),
(21, 1, 'Almkaffee', 71000, 89, 'Cà phê dùng với lòng đỏ trứng, rượu hoa quả và kem sữa'),
(22, 1, 'Biedermeier kiểu áo', 99000, 11, 'Thêm rượu mơ và kem sữa'),
(23, 1, 'Großer brauner', 27000, 12, 'Hai phần espresso với sữa, dùng tách lớn'),
(24, 1, 'Kleiner brauner', 90000, 58, 'Một phần espresso với sữa, dùng tách nhỏ'),
(25, 1, 'Doppelmokka', 93000, 79, 'Hai phần cà phê đặc dùng với tách lớn chuyên để uống mokka'),
(26, 1, 'Einspänner', 79000, 37, 'Mokka đựng trong cốc có quai, thêm kem '),
(27, 1, 'Eiskaffee kiểu anh', 10000, 10, 'Một phần ba cà phê, một phần ba kem, một phần ba kem sữa'),
(28, 1, 'Eiskaffee kiểu áo', 85000, 58, 'Loại cà phê đặc bao gồm lòng đỏ trứng, cà phê và kem sữa đánh đặc'),
(29, 1, 'Fiaker', 99000, 28, 'Một cốc cà phê đen với nhiều đường, thêm một lượng rượu slibowitz  hoặc rum'),
(30, 1, 'Franziskaner', 37000, 50, 'Cà phê sữa loãng với kem sữa và sôcôla'),
(31, 1, 'Gebirgskaffee', 77000, 61, 'Cà phê với lòng đỏ trứng, rượu hoa quả mạnh và kem sữa'),
(32, 1, 'Gespritzter', 61000, 58, 'Cà phê đen với rum'),
(33, 1, 'Granita di caffé', 64000, 33, 'Kem xay nhuyễn rồi rót cà phê đen có đường lên trên'),
(34, 1, 'Intermezzo', 51000, 56, 'Một lượng mokka nhỏ, thêm sôcôla nóng và \"creme de cacao\", khuấy lên rồi thêm kem sữa đánh bông cùng vài miếng sôcôla'),
(35, 1, 'Kaffee kirsch', 60000, 61, 'Cà phê với nước anh đào'),
(36, 1, 'Kaffee obermeier', 94000, 28, 'Cà phê với màng sữa '),
(37, 1, 'Kaffee verkehrt', 36000, 89, '2 phần sữa, một phần cà phê '),
(38, 1, 'Kaisermelange', 107000, 79, 'Mokka với lòng đỏ trứng, thêm mật ong hoặc cognac '),
(39, 1, 'Kapuziner', 60000, 93, 'Cà phê đen với một lượng nhỏ sữa '),
(40, 1, 'Katerkaffee', 69000, 96, 'Cà phê đen đặc, thêm đường, có mùi chanh'),
(41, 1, 'Konsul', 34000, 52, 'Cà phê đen thêm một ít kem sữa đánh đặc '),
(42, 1, 'Kosakenkaffee', 107000, 62, 'Một lượng nhỏ mokka với rượu vang đỏ, wodka và nước đường'),
(43, 1, 'Maria theresia', 69000, 65, 'Mokka với một lượng nhỏ rượu cam'),
(44, 1, 'Marghiloman', 58000, 11, 'Mokka với cognac'),
(45, 1, 'Mazagran', 16000, 0, 'Cà phê lạnh, ngọt, thêm vài mẩu kem, rượu maraschino hoặc cognac'),
(46, 1, 'Melange', 88000, 2, 'Nửa cà phê, nửa sữa'),
(47, 1, 'Mokka gespritzt', 86000, 18, 'Mokka với cognac và rum'),
(48, 1, 'Piccolo', 96000, 8, 'Một lượng nhỏ cà phê đen, lắc đều'),
(49, 1, 'Großer schwarzer ', 109000, 78, 'Hai phần espresso không có sữa, dùng tách lớn'),
(50, 1, 'Kleiner schwarzer ', 58000, 79, 'Một phần espresso không có sữa, dùng tách nhỏ'),
(51, 1, 'Othello', 26000, 29, 'Sôcôla nóng với espresso'),
(52, 1, 'Sanca®', 14000, 79, 'Cà phê không có ca-phê-in '),
(53, 1, 'Schale braun', 75000, 45, 'Nửa cà phê, nửa sữa'),
(54, 1, 'Schale gold', 42000, 73, 'Cà phê sữa, loãng hơn schale(rl) braun (wien)'),
(55, 1, 'Separee', 55000, 66, 'Cà phê và sữa được dùng riêng'),
(56, 1, 'Sperbertürke', 86000, 38, 'Kiểu cà phê thổ nhĩ kỳ, nhưng nặng gấp đôi, thêm đường'),
(57, 1, 'Türkischer kaffee passiert', 26000, 38, 'Cà phê thổ nhĩ kỳ, để nguyên bã'),
(58, 1, 'Überstürzte neumann', 90000, 11, 'Kem sữa đặc được phết lên bề mặt một cái bát, được \"hỗ trợ\" thêm cà phê nóng'),
(59, 1, 'Kaffee kiểu hungary', 72000, 54, 'Cà phê đặc có đường, thêm đá, sau đó thêm kem sữa lạnh và dùng trong ly'),
(60, 1, 'Verlängerter', 84000, 7, 'Một lượng nhỏ cà phê đen pha thêm nhiều nước  hoặc espresso thêm nhiều nước'),
(61, 1, 'Weißer mit haut', 37000, 23, 'Cà phê sữa loãng thêm sữa nóng'),
(62, 1, 'Zarenkaffee', 93000, 77, 'Espresso đặc, phía trên là lòng đỏ trứng đánh bông, thêm đường '),
(63, 1, 'Canard', 61000, 19, 'Cà phê với marc : cho vào miệng một viên đường nhúng rượu, sau đó nhấp tách cà phê pha rượu và kem sữa'),
(64, 1, 'Kaffee crème', 39000, 21, 'Cà phê với kem sữa'),
(65, 1, 'Kaffee melange', 63000, 47, 'Cà phê với kem sữa đánh đặc, thường thì kem sữa được phục vụ riêng trong một tách nhỏ'),
(66, 1, 'Luzerner kafi', 17000, 34, 'Cà phê loãng có màu trà, pha thêm träsch '),
(67, 1, 'Schale', 80000, 51, 'Cà phê sữa'),
(68, 1, 'Café au lait', 79000, 71, 'Một loại cappucino đặc với một ít bọt sữa '),
(69, 1, 'Café brulot', 50000, 53, 'Cognac pha đường và cà phê'),
(70, 1, 'Café crème', 64000, 30, 'Cà phê với kem sữa hoặc sữa đánh bông'),
(71, 1, 'Café filtre', 104000, 13, 'Cà phê pha phin, loãng hơn espresso đôi chút'),
(72, 1, 'Café natur', 19000, 95, 'Cà phê đen'),
(73, 1, 'Café royal', 46000, 42, 'Giống café brulot'),
(74, 1, 'Café solo', 63000, 44, 'Đen'),
(75, 1, 'Cortado', 89000, 31, 'Thêm sữa đặc có đường '),
(76, 1, 'Café con leche', 16000, 85, 'Cà phê sữa, một nửa cà phê, một nửa sữa '),
(77, 1, 'Café americano', 74000, 49, 'Cà phê phin, cũng để chỉ loại café solo pha loãng'),
(78, 1, 'Café con hielo', 100000, 1, 'Một ly đựng đá viên, sau đó thêm đường, cuối cùng là rót cà phê vào'),
(79, 1, 'Carajillo', 31000, 38, 'Thêm một ít rượu mùi, brandy hay rum. '),
(80, 1, 'Bica', 99000, 84, 'Cà phê đen, đặc, dùng tách nhỏ'),
(81, 1, 'Pingo ', 58000, 84, 'Bica thêm một ít sữa'),
(82, 1, 'Galão', 48000, 37, 'Cà phê sữa bồ đào nha, dùng ly'),
(83, 1, 'Griechischer kaffee', 105000, 31, 'Cà phê đặc được nấu 2 hoặc 3 lần, giống như loại cà phê thổ nhĩ kỳ'),
(84, 1, 'Café frappé', 67000, 61, 'Cà phê tan, thêm đá'),
(85, 1, 'Iced coffee', 90000, 27, 'Cà phê đặc, nóng, thêm đường được rót vào một ly đựng đá'),
(86, 1, 'Caffè americano', 66000, 4, 'Espresso thêm nước nóng và spirituose '),
(87, 1, 'Cà phê đen nóng', 72000, 36, 'Bỏ cà phê xay vào phin cà phê, nêm chặt cà phê, rồi chế nước sôi lên. hứng cà phê rỉ ra từ dưới phin. có hoặc không thêm đường tùy sở thích. phin thường làm bằng nhôm, nhưng ngày nay do nhu cầu cao của cuộc sống, dịch bệnh lan tràn các loại phin nhôm dần được thay thế bằng loại phin giấy sử dụng một lần \"ly cà phê phin tiện dụng \"'),
(88, 1, 'Cà phê sữa nóng', 95000, 75, 'Dưới đáy ly/cốc có để sẵn sữa đặc , quấy đều. '),
(89, 1, 'Cà phê đá', 75000, 8, ' cà phê pha đặc , rồi thêm đá lạnh, có người thích bỏ đường, có người không, tùy \"gu\".'),
(90, 1, 'Cà phê sữa đá', 101000, 55, 'Pha thật đặc , rồi cho thêm đá lạnh, quấy đều.'),
(91, 1, 'Bạc sỉu', 84000, 97, 'Như cà phê sữa, nhưng lượng sữa nhiều hơn, và ít cà phê hơn, thích hợp cho nữ giới; có thể thay sữa đặc bằng sữa tươi. có hai loại, bạc sỉu nóng và bạc sỉu đá.'),
(92, 1, 'Cà phê trứng thường', 63000, 92, 'Đập một quả trứng sống vào một tách cà phê nóng, thêm đường, có hoặc không có sữa'),
(93, 1, 'Cà phê trứng đánh bông', 51000, 59, 'Lòng đỏ trứng được đánh bông thành kem, phía dưới có một lượng nhỏ cà phê đen.'),
(94, 1, 'Cà phê chồn', 48000, 70, 'Hạt cà phê do loài cầy vòi đốm ăn quả cà phê rồi thải phân ra đem đi phơi khô rồi chế biến . '),
(95, 1, 'Cà phê mang đi', 83000, 14, 'Dạng cà phê nhanh, dùng cho những người bận rộn và thường xuyên di chuyển. '),
(96, 1, 'Cà phê trộn phụ gia', 66000, 26, 'Chế biến cà phê bằng đậu nành, bắp rang cháy pha trộn cùng với hàng chục loại phụ gia, hương liệu hóa học để thành các loại bột cà phê. '),
(97, 2, 'Sữa tươi', 11000, 20, 'Các loại sữa động vật ở dạng nguyên liệu thô, dạng nước, chưa qua chế biến hoặc chỉ mới qua sơ chế và chưa được tiệt trùng hay khử trùng triệt để bởi các thiết bị xử lý nhiệt vi lọc'),
(98, 2, 'Sữa đặc không đường ', 36000, 61, 'Loại sữa được sấy cho đến khi lượng nước trong sữa bay hơi tới 60%. '),
(99, 2, 'Sữa đặc có đường', 11000, 70, 'Sữa đã loại bỏ 50% nước và cho thêm 1 lượng đường bằng 44% trọng lượng của sản phẩm cuối cùng. hàm lượng đường cao sẽ giúp ức chế sự phát triển của vi khuẩn trong sữa đặc. '),
(100, 2, 'Sữa bột', 100000, 20, 'Loại sữa tươi đã được tách nước hoàn toàn. '),
(101, 2, 'Sữa đậu nành', 62000, 92, 'Một trong những thức uống khá phổ biến làm từ đậu tương, vị mát, hơi ngậy, khi uống có thể thêm chút đường.'),
(102, 2, 'Sữa hạnh nhân', 93000, 14, 'Một loại sữa thực vật được chế biến từ quả hạnh nhân với kết cấu kem sánh mịn và vị từ loại hạt này dù có một số loại hay nhãn hiệu có tạo hương vị cho giống với sữa từ động vật'),
(103, 2, 'Nước cốt dừa', 79000, 95, 'Hay còn gọi là sữa dừa, là nước cốt lấy từ cơm dừa đã được nạo, xay thật nhỏ.'),
(104, 3, 'Trà xanh', 18000, 44, 'Trà xanh được làm bằng 4 bước: hái búp, làm héo, vò và sấy. '),
(105, 3, 'Trà ô long', 65000, 37, 'Ô long là loại trà tốn nhiều thời gian nhất để chế biến. nó sử dụng cả 5 bước cơ bản tôi đã nói ở trên, trong đó bước vò và oxy hoá được lặp lại nhiều lần. sau mỗi lần vò, lá trà lại được nghỉ ngơi để oxy hoá, rồi lại vò, lại nghỉ, lặp lại nhiều lần như thế trong rất nhiều giờ (vài ngày).'),
(106, 3, 'Trà đen (oxy hoá hoàn toàn)', 18000, 34, 'Trà đen cũng sử dụng cả 5 bước cơ bản của quá trình làm trà, nhưng trà được để cho oxy hoá hoàn toàn. các bước được thực hiện tiếp nối nhau và không lặp lại một bước nào. chúng được chế biến trong vòng 1 ngày. nước trà thường có màu nâu sáng tới đỏ đậm. các loại trà đen có hương vị mạnh nhất, một số loại rất chát.'),
(107, 3, 'Trà tươi (chè tươi)', 69000, 53, 'Chỉ đơn giản là dùng lá tươi hãm và uống'),
(108, 3, 'Bột trà xanh matcha', 87000, 98, 'Loại trà dạng bột đặc biệt của nhật bản, dùng trong các nghi thức trà đạo, nhưng trên thế giới lại được biết đến như nguyên liệu làm bánh và pha chế. bột trà xanh làm từ các búp trà được che râm trước khi hái, sấy chân không và nghiền nhỏ ở dạng bột mịn.'),
(109, 3, 'Trà trắng', 64000, 13, 'Trà trắng là loại trà gần như chưa chế biến. đơn giản chỉ là hái và phơi khô búp trà tự nhiên dưới ánh nắng mặt trời, '),
(110, 3, 'Trà phổ nhĩ', 49000, 97, 'Là loại trà lên men (một quá trình hơi khác với oxy hoá). tuỳ vào loại phổ nhĩ (chín hay sống) mà quá trình “lão hoá” này được  diễn ra trong vài tháng hay vài năm (thậm chí cả vài chục năm).'),
(111, 3, 'Trà thảo mộc', 40000, 57, 'Các cây thảo một được chế biến như trà'),
(112, 3, 'Trà thảo mộc phối hợp', 93000, 35, 'Là loại trà kết hợp giữa trà và các loại thảo mộc, vừa có hương vị của trà (cafein, chất chát, mùi thơm), vừa có các mùi vị mạnh từ các loại thảo mộc hương liệu: sả, gừng, quế, bạc hà… ');

--
-- Triggers `san_pham`
--
DELIMITER $$
CREATE TRIGGER `DELETE_SAN_PHAM_DELETE_HOA_DON_CTKM` BEFORE DELETE ON `san_pham` FOR EACH ROW BEGIN
DELETE FROM cthd WHERE cthd.ID_SAN_PHAM = OLD.ID_SAN_PHAM;
DELETE FROM ctkm WHERE ctkm.ID_SAN_PHAM = OLD.ID_SAN_PHAM;
END
$$
DELIMITER ;

-- --------------------------------------------------------

--
-- Table structure for table `tai_khoan`
--

CREATE TABLE `tai_khoan` (
  `USERNAME` varchar(100) COLLATE utf8_unicode_ci NOT NULL,
  `PASSWORD` varchar(1000) COLLATE utf8_unicode_ci NOT NULL,
  `TYPE` int(11) NOT NULL DEFAULT 0
) ENGINE=InnoDB DEFAULT CHARSET=utf8 COLLATE=utf8_unicode_ci;

--
-- Dumping data for table `tai_khoan`
--

INSERT INTO `tai_khoan` (`USERNAME`, `PASSWORD`, `TYPE`) VALUES
('admin', '8c6976e5b5410415bde908bd4dee15dfb167a9c873fc4bb8a81f6f2ab448a918', 2),
('aint', '30ea4a07da3c3fa2fbda87a3ce403d87d21d21b25e88d619fef3df52a7be56b8', 0),
('anntd', '9a4fcf718dc3c945cc078bd4210246a0de4524b951154a36da31d880e611c14f', 0),
('bahc', '632b5285a949800b6e8d0b9021298d4ddf49a2af53c8fdcce003bf94ea0b568b', 0),
('banta', '31dd5c217a92e4f670ec94fac031d718664e1fb53605d1753977d4f004126da0', 0),
('bath', '0de8ab6315488d30b61d0cd3d4a99d994bbb781c6efe77147fe3cae8f7a21ad8', 0),
('bienbt', '023efffd8592e21dcd4bf76033ed5d0337c43a6c0ced4cca09e2ed93a818ce36', 0),
('bocthb', '9fb846f5b94c04f8249f32eeb8a7a2edb84bac995cb8d2c2de62424674bcb6a6', 1),
('bodhd', '6f78a873c7f037e44df16c8a9a794eb0a2a11afd25020c12a86a17f8c3e62296', 0),
('bonnt', 'b405f16f7c869d20bccf2635b1c66e2d73d8c33ee125f8f15b9d48e8b6441c6b', 0),
('catkd', '3f9f656f311ba5955b86198d4fbd837a7fc56f531a9d73d7878cd55ecf40d8c4', 0),
('chihhh', '89ac3e378cfd6b68d8e21c9030077c8cb29c46cc4bbc328f77ac41b16877fa27', 0),
('chubt', '085f276d6805da2c0de0df40843795b34a57e9aaee386f9a6bb7409dee19a78a', 0),
('chungvh', '57e8b83acedff2074a733139e24cdf5352d928fa351322f2207a6161cf743b2b', 0),
('convcd', '42f9d6c82f49027e2bfc46fc43c70d0ef3a52c554793a78fb7641ad1b98f549d', 0),
('cun', '0acf5741d05ff5083252df7b858fac5dcee8375f4152c52b49d30696701b7a63', 0),
('dain', '635ff8d0a885e09e1a14895284ac64ee38e529006474a5dd43553f96ea87387e', 0),
('dammk', '99b26135585d5e241067ef858a991ba1263161aa153eebd6c20a256522295d30', 0),
('daonh', '2eed64c49415bbb5bff50c5caaa85e70c0e872e1ee1199c9e92008d8eed95eb6', 0),
('dent', 'b01d8466d0e8252ec961190c865dec4f47d4f30f6a3af1c4fd5fc0c5cb94698b', 0),
('dichttk', 'd007bc5608c535530b0e7272c2ef65a8552f82a59b376347d7f2cc31f7e8b03e', 0),
('diepldq', '7f816b05a6c924444bdc0181cfa9e6707a4b5a124905330fc26d4442eaa7012c', 0),
('diepnhc', '2ad97d96fdeceea6abd7e1cbd0df9e08da209a0e2ad9e9866a4c5418f50f9d1c', 0),
('dieutad', '8f2009ab5621687d3327dccb02b71fbbaec9d5db71660f386cf20996849a9ac0', 0),
('dinhtb', '3e7039074003b7e55b8d7863331f347df58aa70f4945eddea5445df02c8e23e9', 0),
('dinhv', '082e767f0763fc361029e01535d5de586dd59c4e586065a5569bdae40d097e21', 1),
('dint', '68f8ef4f99a4da1cdf354c4b7ff0ea320e46fe052451b356d3c811633dbf3dfc', 0),
('dongmhh', 'a1ab380642eea80bc62004a7ac3fff6ed8c66f3f4811ec79d1a4bcda63c67d2d', 0),
('dongtnt', 'e867cd9d89807846367927fce892ea98ad593e0ed7435bb424527a1034800c07', 0),
('ducn', 'fa1293993c62c2c1cda9a0d9090c9d43ec0082a87783a599eb1ab3a04f936a83', 0),
('emltt', 'c23c23fb5b3f3105694b12b94ebe5fff96e86c1a1c994220268a0dfd43d7041c', 0),
('giamtnd', '91d10a371213d1354aac1379c7dc3745214f91974cbd021a8e9494052a32ce82', 1),
('haotlk', '5932381f2f66bc0e5135b8d12da3239a9fbdc9b8e3a45abcc62a85eec766870e', 0),
('hienvo', '21cd002dcd454a50ed8d9449e67f1f654dafc4e68862044a2d7eb022120336d5', 0),
('hoangl', '18548e8ab05470e68e0ff869fa2a3035e9d1be85c439fa9c8071af7506ca8cb6', 0),
('hoanp', 'a5890b7f3f1886302b081d722a258b19293f6bc15629f0e47cb436b0b2debe98', 0),
('hoanphh', '4c37e4418ca2ee0e813d5f7589010727eee9a01fcb1f2b0c68d300b7735bf486', 1),
('hoipc', '96e50a1af85bec7acc793859fbfded214e91eecfb8836fd32d970dd70b156d3c', 0),
('hoisn', 'de4cc834f7484d0d6b2c4764e7dd5aa8d846bd03c1426a40f3fe920141f467e7', 0),
('huuv', '6b4390d80892655c9540b815efc826684d52ad2370d8cfce7624ccb3b795ac27', 0),
('hyptk', '1b21f980a86099d5bf775d932cdffa5e06422108abc394771324f5b111506f66', 0),
('khaiv', '19de251be9509e2e5250480ac9b88b4bb78e2eaab4bb1e3c9f28d9b5695ed1cc', 0),
('khoantn', 'dd4916431f3e3e41bfb3b34b4d09e021a229192818b8c04ee343bb3224adf85c', 0),
('khucttt', '092311d36e7a8f34d0441a313ea29234a5fcec37f9e344224c9c1e3f3fe1f7f1', 0),
('khuyetadt', '68a523c30ade14b1701a4978482d2e4ae95356b5e3252059999d33a0ed3f38e2', 0),
('khuyett', '6a26a10f0b1edd6cad99f5f7ecf1ab59db48edf815cc3d4c2897040c40dadca6', 0),
('kiemnc', '1fc7d6c362e5d19e949c7303173aadf6bcd9fde5cb02b98e82ccde109d7caeea', 0),
('kiemnpl', '9570317aebd89fc185915133c64a407ad2669a053288ad0ddc8f4ec6bdd1f7fa', 0),
('kinhn', 'f6a2a3439ecc3044a83f0cd5c6eea2f8e631defae644b5843371ed4d7f97440d', 0),
('lamlkt', '988de22bfa08f7744e4f41dbc28c4389b8414605fa9c2289bba1b0c5021fe236', 0),
('langnbn', '200409cb75ef28f3df23e1cf2c43e6d5577e3e1bedcdc9cf611e256a85e92a0a', 0),
('langpuv', '69d8c098b10a4b5629abfaa9bb7f74558391436835d9921337d4fe60753b475f', 0),
('lanhp', '61725371e30691a54e5611a22a641b0b6b34480d1377442c4a8eebb7ae41eba6', 0),
('lannp', '2534244504452f00ab5ebc5ce13de3aa8cdecdc680d4c550a6be45da78a3650f', 0),
('levk', 'f772c4a9346d7d1196daa34befe0f5952270b81073733a03bd9272582e0a7ebc', 0),
('linhvn', 'be661ff28cafe9244b93eb980a4a55e8dcfa5768313a3268da2698ac0e582ba6', 0),
('luocp', 'e626165ca443246459d63bb8788632e9b7878e15045e641c4da9979948d30610', 0),
('maodub', 'ce5dab4edf7455ff11db4716653455e76825e3ca799d39c5484c9b9a7f77a838', 0),
('mocp', '5b56ea5beb244423230a0599240329808c91a2deedf1c295495cfe994bc50c30', 0),
('ngacn', '78c57221ccb2dc98c5dbc767b0d2820d8c38343281d4e65562507e41fd7dc4c9', 0),
('ngacv', 'e70ab3aa7793b04e26c63e592e7a8d274147ba42476e70419780bfc5bd1692db', 0),
('nghiemnn', '51bdb4101561c0123e9ff5329958f19fddf08a5886b90ae0262a0137cc1d68e1', 0),
('nghinhnn', 'f6ee5c8caecab9deffd4a3ce7625a8c85c71d639c28e9b50031ba46fd55937b7', 1),
('nghinmb', '31a03933e2469bb9e2d1e9a5baabdb0dde2c042eaa26b4832196da9acf724e7a', 0),
('nghipt', 'ab6cc3eb275089ecf2b55c35987077c79ead7b19a0371eaa9a97c11ffe0126b3', 0),
('ngons', '8038779ddb25e313f8e703391b5f80ff059798927c553361993a0b9b8fb45ead', 0),
('nhactnt', 'c97684138a97b01a45f6dfa6358ed0b98ce924e570fc8fd4b98b9ab473906e03', 0),
('nhieulhn', 'e68d44363a8cbb482a7d3c615c367fa38c64eaef99de679878428cf95878b9c3', 1),
('nhoh', '98f29c893239051b731ffea58d6b12081668742966657e41da5dcbe82af30968', 0),
('nhuongtbu', '238dcd128c3dc7e851b7c4bb421a3f7f075c6215ecfa59b14c9abb12c22474a1', 0),
('phanndt', '36844287b412d433fc7bcd1bf3daef5a2189a063fc6ed027072fb6a0f912c0f0', 0),
('phietnq', 'c64ffdd58840f5ca7c7be8f156156d3874a1ff0b530a117105c0113617774728', 0),
('phuht', '980a053a9706fc3a637d5e02a29c9ca00a7122c7c234f95fbbc4e7c2eb965e57', 0),
('quandcd', 'e329372128a80349124453a53944c1b4a1df09400a7e55267aa9a6e7f2904ff6', 0),
('quat', 'fd3d0ebcbe458fcd50c2cf19694431c3dc0911a3df438a148f17682111200197', 0),
('quavb', 'e5ea8a45d596f75cfc31bcfe4fb6f1490c82ea547f160e90688f7b5e88829c35', 0),
('sangst', 'b593f8f23078a3c911d15967616a416b25cf6892ae6ee0679eb822ee7744266e', 0),
('sinhgv', '2a653b34b24217a02f0108f4f44b5256acabcb353e26afe808956f7b24bbd3c2', 0),
('sungvpa', '8dc1a01df776f012a7ba6f0023d16a9ec3d92800438e9a63d96ab0de02ae616c', 0),
('tangnat', '7601a74244135e61d3cc048a10b42eb592aa368eb84f271cbc3ffe87b9833aa8', 0),
('thant', '2a7a94c4593ed22e9520eacbe89bf5d0a445220596e0450be10998739e74816a', 0),
('thaphnt', '28af15a250747e7e073ef14b41821d8c5d39dc2c2e55a39ca289e0e9b34d7922', 0),
('thoap', '9e8c4dfeb56f1db9c24d28b99d1f3e974853b8895ff268b62faadc7ce7a7a334', 0),
('thucnp', '99eec7dea9f0f10048c0625bd8d7af09070f9498ed696ce6e85db962908241d6', 0),
('thucpn', '84293a24758c54e27dd6fa2aac0c465fe7947474e8517d66578b4fe0fa3e61f8', 0),
('thud', '7841ddbc63d41539cc7a041e190a0f4559ab43030770e29a31a16dcde7875cb6', 0),
('tieun', 'c8e3d8e946ad0a128682581b8335fad357f525d7c644b8615aaac8ec65d53a99', 0),
('toahb', 'c2183902bd125f3816d2357423f6208770aeda81363fc4c3bf86711b35833730', 1),
('toanltk', '51b69baa50269b3fe1b7382bfb0db8064c15706b2ef9701e5d123d9b5406972d', 0),
('tongdlt', '504de9c151b4a4620c258e39eda0d939ae79d736d7dcef67baf3d44b1c86d12a', 1),
('tongt', '119ce423abddd9f3f256d143cd7965f23df9b53f41465275083f654ed6783082', 0),
('tranghkx', 'fc1cce7d7f0c0b34924fe65c14d1453ec835fca9b2ecc920aad1f2ef9dc8dd41', 0),
('trangnt', 'f31206f94e6d61f3061e7b1dc95398172630b7093c5805dbf8b2232448239525', 0),
('trann', '1053e09ba04f2f254a6aded7196d6a129437421f737ee4ac03a28489245de3ee', 0),
('trinhhnt', '63f3b0017f19fd13f482bb85e5888037dd946bc6ac50bc9db11f5567f8369b29', 0),
('trongnc', 'c75d45e5365be2a9c01db1b05055b85d6ddee8610fb1e3ffa0724c0cf828843b', 0),
('trunt', '14fa0a1b43604e4493dfe231b7d2d1e230b9d2eedfdc1bc8c05bfa51fe550590', 0),
('truongn', '4a20a4e0e2043f69b5b96c3bcc5dde15fd1d8fb3900e08acd2900bbe4491b667', 0),
('truongnhp', '74eb6b5775f8d21391579c243d3463d1ada69531457c85e8253a78f343045031', 0),
('truongno', 'cb4b7219d6d77466e5db7a47a39f63c4495dba0687bef9bfac17ca462bff1632', 1),
('truongtkb', '3b0458d78846298f18020a1ab306396780974670538c5530a7da46985d020a9a', 0),
('truyennlb', '9528b88d3b897e766be705eb0e4f5c9c7959bc5f79bbd19ae109e45560653236', 0),
('tuanntk', '3e6d8d04b45b84ee3491b13b9e02e0d6c1e1cfacd1d878881881bb0e9d0e355a', 0),
('tuuoqv', 'c8ec524f1745bc79823557b0f6f1dec9ccaf6518fefc6e846adaa9b5953a25ee', 0),
('tuv', 'fadfef49b40bf551a279f820bd863ac96aebcbf39b4431dff4f0d5cb62dd5303', 0),
('tuyn', '86fbbd7ed7f338b1d3f3e1b35e936a546a65b1c791df5c97fa96be84c0468026', 0),
('uybx', 'cffd3bf8462e4a03f833b7942255d9c04879fbea7ee1e1dd0e0302172ea45d84', 1),
('uyenl', 'a7e15377bc24620c592c6ea631c5c623ba8e604b589112798c68769fc75a9aa0', 0),
('vanghq', '0e8dbb2da9e096ed9ab01b1d784de8c95b1ae0d42278bdadd5eda9d017700311', 0),
('von', '43ce6022b9318e9324d746c14f8342cc203bb8e155e276f67cb9ad3fbfa6a484', 0),
('vuiph', 'd4488e73c640c0fd52e925e1da2cbe4804f25d4ec022c635695cdd14717e6c3a', 0);

--
-- Triggers `tai_khoan`
--
DELIMITER $$
CREATE TRIGGER `DELETE_TAIKHOAN_DELETE_NHAN_VIEN_KHACH_HANG_DAT_BAN` BEFORE DELETE ON `tai_khoan` FOR EACH ROW BEGIN
DELETE FROM nhan_vien WHERE nhan_vien.USERNAME = OLD.USERNAME;
DELETE FROM khach_hang WHERE khach_hang.USERNAME = OLD.USERNAME;
DELETE FROM dat_ban WHERE dat_ban.USERNAME = OLD.USERNAME;
END
$$
DELIMITER ;

--
-- Indexes for dumped tables
--

--
-- Indexes for table `ban`
--
ALTER TABLE `ban`
  ADD PRIMARY KEY (`ID_BAN`);

--
-- Indexes for table `cthd`
--
ALTER TABLE `cthd`
  ADD PRIMARY KEY (`ID_HOA_DON`,`ID_SAN_PHAM`),
  ADD KEY `FK_CTHD_DOUONG` (`ID_SAN_PHAM`);

--
-- Indexes for table `ctkm`
--
ALTER TABLE `ctkm`
  ADD PRIMARY KEY (`ID_KHUYEN_MAI`,`ID_SAN_PHAM`),
  ADD KEY `ID_KHUYEN_MAI` (`ID_KHUYEN_MAI`,`ID_SAN_PHAM`),
  ADD KEY `ID_DO_UONG` (`ID_SAN_PHAM`);

--
-- Indexes for table `dat_ban`
--
ALTER TABLE `dat_ban`
  ADD PRIMARY KEY (`USERNAME`,`ID_BAN`,`THOI_GIAN_LAP`),
  ADD KEY `USERNANE` (`USERNAME`,`ID_BAN`),
  ADD KEY `ID_BAN` (`ID_BAN`);

--
-- Indexes for table `hoa_don`
--
ALTER TABLE `hoa_don`
  ADD PRIMARY KEY (`ID_HOA_DON`),
  ADD KEY `FK_HOADON_KHACHHANG` (`ID_KHACH_HANG`),
  ADD KEY `FK_HOADON_NHANVIEN` (`ID_NHAN_VIEN`),
  ADD KEY `FK_HOADON_BAN` (`ID_BAN`);

--
-- Indexes for table `khach_hang`
--
ALTER TABLE `khach_hang`
  ADD PRIMARY KEY (`ID_KHACH_HANG`),
  ADD KEY `USERNAME` (`USERNAME`);

--
-- Indexes for table `khuyen_mai`
--
ALTER TABLE `khuyen_mai`
  ADD PRIMARY KEY (`ID_KHUYEN_MAI`);

--
-- Indexes for table `loai_san_pham`
--
ALTER TABLE `loai_san_pham`
  ADD PRIMARY KEY (`ID_LOAISP`);

--
-- Indexes for table `nhan_vien`
--
ALTER TABLE `nhan_vien`
  ADD PRIMARY KEY (`ID_NHAN_VIEN`),
  ADD KEY `USERNAME` (`USERNAME`);

--
-- Indexes for table `san_pham`
--
ALTER TABLE `san_pham`
  ADD PRIMARY KEY (`ID_SAN_PHAM`),
  ADD KEY `FK_DOUONG_LOAIDOUONG` (`ID_LOAISP`);

--
-- Indexes for table `tai_khoan`
--
ALTER TABLE `tai_khoan`
  ADD PRIMARY KEY (`USERNAME`);

--
-- AUTO_INCREMENT for dumped tables
--

--
-- AUTO_INCREMENT for table `ban`
--
ALTER TABLE `ban`
  MODIFY `ID_BAN` int(11) NOT NULL AUTO_INCREMENT, AUTO_INCREMENT=51;

--
-- AUTO_INCREMENT for table `hoa_don`
--
ALTER TABLE `hoa_don`
  MODIFY `ID_HOA_DON` int(11) NOT NULL AUTO_INCREMENT, AUTO_INCREMENT=201;

--
-- AUTO_INCREMENT for table `khach_hang`
--
ALTER TABLE `khach_hang`
  MODIFY `ID_KHACH_HANG` int(11) NOT NULL AUTO_INCREMENT, AUTO_INCREMENT=101;

--
-- AUTO_INCREMENT for table `khuyen_mai`
--
ALTER TABLE `khuyen_mai`
  MODIFY `ID_KHUYEN_MAI` int(11) NOT NULL AUTO_INCREMENT, AUTO_INCREMENT=21;

--
-- AUTO_INCREMENT for table `loai_san_pham`
--
ALTER TABLE `loai_san_pham`
  MODIFY `ID_LOAISP` int(11) NOT NULL AUTO_INCREMENT, AUTO_INCREMENT=4;

--
-- AUTO_INCREMENT for table `nhan_vien`
--
ALTER TABLE `nhan_vien`
  MODIFY `ID_NHAN_VIEN` int(11) NOT NULL AUTO_INCREMENT, AUTO_INCREMENT=11;

--
-- AUTO_INCREMENT for table `san_pham`
--
ALTER TABLE `san_pham`
  MODIFY `ID_SAN_PHAM` int(11) NOT NULL AUTO_INCREMENT, AUTO_INCREMENT=113;

--
-- Constraints for dumped tables
--

--
-- Constraints for table `cthd`
--
ALTER TABLE `cthd`
  ADD CONSTRAINT `cthd_ibfk_1` FOREIGN KEY (`ID_HOA_DON`) REFERENCES `hoa_don` (`ID_HOA_DON`),
  ADD CONSTRAINT `cthd_ibfk_2` FOREIGN KEY (`ID_SAN_PHAM`) REFERENCES `san_pham` (`ID_SAN_PHAM`);

--
-- Constraints for table `ctkm`
--
ALTER TABLE `ctkm`
  ADD CONSTRAINT `ctkm_ibfk_3` FOREIGN KEY (`ID_KHUYEN_MAI`) REFERENCES `khuyen_mai` (`ID_KHUYEN_MAI`),
  ADD CONSTRAINT `ctkm_ibfk_4` FOREIGN KEY (`ID_SAN_PHAM`) REFERENCES `san_pham` (`ID_SAN_PHAM`);

--
-- Constraints for table `dat_ban`
--
ALTER TABLE `dat_ban`
  ADD CONSTRAINT `dat_ban_ibfk_1` FOREIGN KEY (`USERNAME`) REFERENCES `tai_khoan` (`USERNAME`),
  ADD CONSTRAINT `dat_ban_ibfk_2` FOREIGN KEY (`ID_BAN`) REFERENCES `ban` (`ID_BAN`);

--
-- Constraints for table `hoa_don`
--
ALTER TABLE `hoa_don`
  ADD CONSTRAINT `hoa_don_ibfk_2` FOREIGN KEY (`ID_KHACH_HANG`) REFERENCES `khach_hang` (`ID_KHACH_HANG`),
  ADD CONSTRAINT `hoa_don_ibfk_3` FOREIGN KEY (`ID_NHAN_VIEN`) REFERENCES `nhan_vien` (`ID_NHAN_VIEN`),
  ADD CONSTRAINT `hoa_don_ibfk_4` FOREIGN KEY (`ID_BAN`) REFERENCES `ban` (`ID_BAN`);

--
-- Constraints for table `khach_hang`
--
ALTER TABLE `khach_hang`
  ADD CONSTRAINT `khach_hang_ibfk_1` FOREIGN KEY (`USERNAME`) REFERENCES `tai_khoan` (`USERNAME`);

--
-- Constraints for table `nhan_vien`
--
ALTER TABLE `nhan_vien`
  ADD CONSTRAINT `nhan_vien_ibfk_1` FOREIGN KEY (`USERNAME`) REFERENCES `tai_khoan` (`USERNAME`);

--
-- Constraints for table `san_pham`
--
ALTER TABLE `san_pham`
  ADD CONSTRAINT `san_pham_ibfk_1` FOREIGN KEY (`ID_LOAISP`) REFERENCES `loai_san_pham` (`ID_LOAISP`);
COMMIT;

/*!40101 SET CHARACTER_SET_CLIENT=@OLD_CHARACTER_SET_CLIENT */;
/*!40101 SET CHARACTER_SET_RESULTS=@OLD_CHARACTER_SET_RESULTS */;
/*!40101 SET COLLATION_CONNECTION=@OLD_COLLATION_CONNECTION */;
